\BOOKMARK [0][-]{chapter.1}{\376\377\0001\000\040\000V\000i\000s\000u\000a\000l\000\040\000O\000d\000o\000m\000e\000t\000r\000y\000\040\000S\000L\000A\000M\000\040\000P\000a\000c\000k\000a\000g\000e}{}% 1
\BOOKMARK [1][-]{section.1.1}{\376\377\0001\000.\0001\000\040\000v\000i\000s\000u\000a\000l\000\137\000o\000d\000o\000m}{chapter.1}% 2
\BOOKMARK [2][-]{subsection.1.1.1}{\376\377\0001\000.\0001\000.\0001\000\040\000A\000u\000t\000h\000o\000r\000s}{section.1.1}% 3
\BOOKMARK [1][-]{section.1.2}{\376\377\0001\000.\0002\000\040\000v\000i\000s\000u\000a\000l\000\137\000o\000d\000o\000m}{chapter.1}% 4
\BOOKMARK [2][-]{subsection.1.2.1}{\376\377\0001\000.\0002\000.\0001\000\040\0001\000.\000\040\000O\000v\000e\000r\000v\000i\000e\000w}{section.1.2}% 5
\BOOKMARK [3][-]{subsubsection.1.2.1.1}{\376\377\0001\000.\0002\000.\0001\000.\0001\000\040\000U\000M\000L\000\040\000D\000i\000a\000g\000r\000a\000m}{subsection.1.2.1}% 6
\BOOKMARK [3][-]{subsubsection.1.2.1.2}{\376\377\0001\000.\0002\000.\0001\000.\0002\000\040\000S\000y\000s\000t\000e\000m\000\040\000P\000i\000p\000e\000l\000i\000n\000e}{subsection.1.2.1}% 7
\BOOKMARK [3][-]{subsubsection.1.2.1.3}{\376\377\0001\000.\0002\000.\0001\000.\0003\000\040\000T\000F\000\040\000T\000r\000e\000e}{subsection.1.2.1}% 8
\BOOKMARK [3][-]{subsubsection.1.2.1.4}{\376\377\0001\000.\0002\000.\0001\000.\0004\000\040\000R\000O\000S\000\040\000T\000o\000p\000i\000c\000s}{subsection.1.2.1}% 9
\BOOKMARK [3][-]{subsubsection.1.2.1.5}{\376\377\0001\000.\0002\000.\0001\000.\0005\000\040\000D\000e\000p\000e\000n\000d\000e\000n\000c\000i\000e\000s}{subsection.1.2.1}% 10
\BOOKMARK [2][-]{subsection.1.2.2}{\376\377\0001\000.\0002\000.\0002\000\040\0002\000.\000\040\000P\000a\000c\000k\000a\000g\000e\000\040\000S\000t\000r\000u\000c\000t\000u\000r\000e}{section.1.2}% 11
\BOOKMARK [3][-]{subsubsection.1.2.2.1}{\376\377\0001\000.\0002\000.\0002\000.\0001\000\040\000M\000o\000d\000u\000l\000e\000\040\000D\000e\000s\000c\000r\000i\000p\000t\000i\000o\000n\000s}{subsection.1.2.2}% 12
\BOOKMARK [3][-]{subsubsection.1.2.2.2}{\376\377\0001\000.\0002\000.\0002\000.\0002\000\040\000C\000o\000n\000f\000i\000g\000u\000r\000a\000t\000i\000o\000n\000\040\000\050\000p\000a\000r\000a\000m\000.\000y\000a\000m\000l\000\051}{subsection.1.2.2}% 13
\BOOKMARK [2][-]{subsection.1.2.3}{\376\377\0001\000.\0002\000.\0003\000\040\0003\000.\000\040\000B\000u\000i\000l\000d\000\040\000a\000n\000d\000\040\000R\000u\000n}{section.1.2}% 14
\BOOKMARK [3][-]{subsubsection.1.2.3.1}{\376\377\0001\000.\0002\000.\0003\000.\0001\000\040\000B\000u\000i\000l\000d}{subsection.1.2.3}% 15
\BOOKMARK [3][-]{subsubsection.1.2.3.2}{\376\377\0001\000.\0002\000.\0003\000.\0002\000\040\000L\000a\000u\000n\000c\000h\000\040\000\050\000r\000e\000c\000o\000m\000m\000e\000n\000d\000e\000d\000\051}{subsection.1.2.3}% 16
\BOOKMARK [3][-]{subsubsection.1.2.3.3}{\376\377\0001\000.\0002\000.\0003\000.\0003\000\040\000N\000o\000d\000e\000\040\000o\000n\000l\000y\000\040\000\050\000w\000i\000t\000h\000o\000u\000t\000\040\000l\000a\000u\000n\000c\000h\000\040\000f\000i\000l\000e\000\051}{subsection.1.2.3}% 17
\BOOKMARK [2][-]{subsection.1.2.4}{\376\377\0001\000.\0002\000.\0004\000\040\0004\000.\000\040\000D\000o\000c\000u\000m\000e\000n\000t\000a\000t\000i\000o\000n}{section.1.2}% 18
\BOOKMARK [3][-]{subsubsection.1.2.4.1}{\376\377\0001\000.\0002\000.\0004\000.\0001\000\040\000G\000e\000n\000e\000r\000a\000t\000e\000\040\000H\000T\000M\000L\000\040\000d\000o\000c\000s}{subsection.1.2.4}% 19
\BOOKMARK [3][-]{subsubsection.1.2.4.2}{\376\377\0001\000.\0002\000.\0004\000.\0002\000\040\000G\000e\000n\000e\000r\000a\000t\000e\000\040\000P\000D\000F\000\040\000f\000r\000o\000m\000\040\000L\000a\000T\000e\000X\000\040\000o\000u\000t\000p\000u\000t}{subsection.1.2.4}% 20
\BOOKMARK [0][-]{chapter.2}{\376\377\0002\000\040\000N\000a\000m\000e\000s\000p\000a\000c\000e\000\040\000I\000n\000d\000e\000x}{}% 21
\BOOKMARK [1][-]{section.2.1}{\376\377\0002\000.\0001\000\040\000P\000a\000c\000k\000a\000g\000e\000\040\000L\000i\000s\000t}{chapter.2}% 22
\BOOKMARK [0][-]{chapter.3}{\376\377\0003\000\040\000H\000i\000e\000r\000a\000r\000c\000h\000i\000c\000a\000l\000\040\000I\000n\000d\000e\000x}{}% 23
\BOOKMARK [1][-]{section.3.1}{\376\377\0003\000.\0001\000\040\000C\000l\000a\000s\000s\000\040\000H\000i\000e\000r\000a\000r\000c\000h\000y}{chapter.3}% 24
\BOOKMARK [0][-]{chapter.4}{\376\377\0004\000\040\000C\000l\000a\000s\000s\000\040\000I\000n\000d\000e\000x}{}% 25
\BOOKMARK [1][-]{section.4.1}{\376\377\0004\000.\0001\000\040\000C\000l\000a\000s\000s\000\040\000L\000i\000s\000t}{chapter.4}% 26
\BOOKMARK [0][-]{chapter.5}{\376\377\0005\000\040\000F\000i\000l\000e\000\040\000I\000n\000d\000e\000x}{}% 27
\BOOKMARK [1][-]{section.5.1}{\376\377\0005\000.\0001\000\040\000F\000i\000l\000e\000\040\000L\000i\000s\000t}{chapter.5}% 28
\BOOKMARK [0][-]{chapter.6}{\376\377\0006\000\040\000N\000a\000m\000e\000s\000p\000a\000c\000e\000\040\000D\000o\000c\000u\000m\000e\000n\000t\000a\000t\000i\000o\000n}{}% 29
\BOOKMARK [1][-]{section.6.1}{\376\377\0006\000.\0001\000\040\000m\000e\000t\000a\000d\000a\000t\000a\000\040\000N\000a\000m\000e\000s\000p\000a\000c\000e\000\040\000R\000e\000f\000e\000r\000e\000n\000c\000e}{chapter.6}% 30
\BOOKMARK [2][-]{subsection.6.1.1}{\376\377\0006\000.\0001\000.\0001\000\040\000V\000a\000r\000i\000a\000b\000l\000e\000\040\000D\000o\000c\000u\000m\000e\000n\000t\000a\000t\000i\000o\000n}{section.6.1}% 31
\BOOKMARK [3][-]{subsubsection.6.1.1.1}{\376\377\0006\000.\0001\000.\0001\000.\0001\000\040\000a\000v\000o\000i\000d\000\137\000r\000o\000s\000\137\000n\000a\000m\000e\000s\000p\000a\000c\000e\000\137\000c\000o\000n\000v\000e\000n\000t\000i\000o\000n\000s}{subsection.6.1.1}% 32
\BOOKMARK [3][-]{subsubsection.6.1.1.2}{\376\377\0006\000.\0001\000.\0001\000.\0002\000\040\000c\000o\000m\000p\000r\000e\000s\000s\000i\000o\000n\000\137\000f\000o\000r\000m\000a\000t}{subsection.6.1.1}% 33
\BOOKMARK [3][-]{subsubsection.6.1.1.3}{\376\377\0006\000.\0001\000.\0001\000.\0003\000\040\000c\000o\000m\000p\000r\000e\000s\000s\000i\000o\000n\000\137\000m\000o\000d\000e}{subsection.6.1.1}% 34
\BOOKMARK [3][-]{subsubsection.6.1.1.4}{\376\377\0006\000.\0001\000.\0001\000.\0004\000\040\000c\000u\000s\000t\000o\000m\000\137\000d\000a\000t\000a}{subsection.6.1.1}% 35
\BOOKMARK [3][-]{subsubsection.6.1.1.5}{\376\377\0006\000.\0001\000.\0001\000.\0005\000\040\000d\000e\000a\000d\000l\000i\000n\000e}{subsection.6.1.1}% 36
\BOOKMARK [3][-]{subsubsection.6.1.1.6}{\376\377\0006\000.\0001\000.\0001\000.\0006\000\040\000d\000e\000p\000t\000h}{subsection.6.1.1}% 37
\BOOKMARK [3][-]{subsubsection.6.1.1.7}{\376\377\0006\000.\0001\000.\0001\000.\0007\000\040\000d\000u\000r\000a\000b\000i\000l\000i\000t\000y}{subsection.6.1.1}% 38
\BOOKMARK [3][-]{subsubsection.6.1.1.8}{\376\377\0006\000.\0001\000.\0001\000.\0008\000\040\000d\000u\000r\000a\000t\000i\000o\000n}{subsection.6.1.1}% 39
\BOOKMARK [3][-]{subsubsection.6.1.1.9}{\376\377\0006\000.\0001\000.\0001\000.\0009\000\040\000f\000i\000l\000e\000s}{subsection.6.1.1}% 40
\BOOKMARK [3][-]{subsubsection.6.1.1.10}{\376\377\0006\000.\0001\000.\0001\000.\0001\0000\000\040\000l\000i\000f\000e\000s\000p\000a\000n}{subsection.6.1.1}% 41
\BOOKMARK [3][-]{subsubsection.6.1.1.11}{\376\377\0006\000.\0001\000.\0001\000.\0001\0001\000\040\000l\000i\000v\000e\000l\000i\000n\000e\000s\000s}{subsection.6.1.1}% 42
\BOOKMARK [3][-]{subsubsection.6.1.1.12}{\376\377\0006\000.\0001\000.\0001\000.\0001\0002\000\040\000l\000i\000v\000e\000l\000i\000n\000e\000s\000s\000\137\000l\000e\000a\000s\000e\000\137\000d\000u\000r\000a\000t\000i\000o\000n}{subsection.6.1.1}% 43
\BOOKMARK [3][-]{subsubsection.6.1.1.13}{\376\377\0006\000.\0001\000.\0001\000.\0001\0003\000\040\000m\000e\000s\000s\000a\000g\000e\000\137\000c\000o\000u\000n\000t}{subsection.6.1.1}% 44
\BOOKMARK [3][-]{subsubsection.6.1.1.14}{\376\377\0006\000.\0001\000.\0001\000.\0001\0004\000\040\000n\000a\000m\000e}{subsection.6.1.1}% 45
\BOOKMARK [3][-]{subsubsection.6.1.1.15}{\376\377\0006\000.\0001\000.\0001\000.\0001\0005\000\040\000n\000a\000n\000o\000s\000e\000c\000o\000n\000d\000s}{subsection.6.1.1}% 46
\BOOKMARK [3][-]{subsubsection.6.1.1.16}{\376\377\0006\000.\0001\000.\0001\000.\0001\0006\000\040\000n\000a\000n\000o\000s\000e\000c\000o\000n\000d\000s\000\137\000s\000i\000n\000c\000e\000\137\000e\000p\000o\000c\000h}{subsection.6.1.1}% 47
\BOOKMARK [3][-]{subsubsection.6.1.1.17}{\376\377\0006\000.\0001\000.\0001\000.\0001\0007\000\040\000n\000s\000e\000c}{subsection.6.1.1}% 48
\BOOKMARK [3][-]{subsubsection.6.1.1.18}{\376\377\0006\000.\0001\000.\0001\000.\0001\0008\000\040\000o\000f\000f\000e\000r\000e\000d\000\137\000q\000o\000s\000\137\000p\000r\000o\000f\000i\000l\000e\000s}{subsection.6.1.1}% 49
\BOOKMARK [3][-]{subsubsection.6.1.1.19}{\376\377\0006\000.\0001\000.\0001\000.\0001\0009\000\040\000r\000e\000l\000a\000t\000i\000v\000e\000\137\000f\000i\000l\000e\000\137\000p\000a\000t\000h\000s}{subsection.6.1.1}% 50
\BOOKMARK [3][-]{subsubsection.6.1.1.20}{\376\377\0006\000.\0001\000.\0001\000.\0002\0000\000\040\000r\000e\000l\000i\000a\000b\000i\000l\000i\000t\000y}{subsection.6.1.1}% 51
\BOOKMARK [3][-]{subsubsection.6.1.1.21}{\376\377\0006\000.\0001\000.\0001\000.\0002\0001\000\040\000r\000o\000s\000\137\000d\000i\000s\000t\000r\000o}{subsection.6.1.1}% 52
\BOOKMARK [3][-]{subsubsection.6.1.1.22}{\376\377\0006\000.\0001\000.\0001\000.\0002\0002\000\040\000r\000o\000s\000b\000a\000g\0002\000\137\000b\000a\000g\000f\000i\000l\000e\000\137\000i\000n\000f\000o\000r\000m\000a\000t\000i\000o\000n}{subsection.6.1.1}% 53
\BOOKMARK [3][-]{subsubsection.6.1.1.23}{\376\377\0006\000.\0001\000.\0001\000.\0002\0003\000\040\000s\000e\000c}{subsection.6.1.1}% 54
\BOOKMARK [3][-]{subsubsection.6.1.1.24}{\376\377\0006\000.\0001\000.\0001\000.\0002\0004\000\040\000s\000e\000r\000i\000a\000l\000i\000z\000a\000t\000i\000o\000n\000\137\000f\000o\000r\000m\000a\000t}{subsection.6.1.1}% 55
\BOOKMARK [3][-]{subsubsection.6.1.1.25}{\376\377\0006\000.\0001\000.\0001\000.\0002\0005\000\040\000s\000t\000a\000r\000t\000i\000n\000g\000\137\000t\000i\000m\000e}{subsection.6.1.1}% 56
\BOOKMARK [3][-]{subsubsection.6.1.1.26}{\376\377\0006\000.\0001\000.\0001\000.\0002\0006\000\040\000s\000t\000o\000r\000a\000g\000e\000\137\000i\000d\000e\000n\000t\000i\000f\000i\000e\000r}{subsection.6.1.1}% 57
\BOOKMARK [3][-]{subsubsection.6.1.1.27}{\376\377\0006\000.\0001\000.\0001\000.\0002\0007\000\040\000t\000o\000p\000i\000c\000s\000\137\000w\000i\000t\000h\000\137\000m\000e\000s\000s\000a\000g\000e\000\137\000c\000o\000u\000n\000t}{subsection.6.1.1}% 58
\BOOKMARK [3][-]{subsubsection.6.1.1.28}{\376\377\0006\000.\0001\000.\0001\000.\0002\0008\000\040\000t\000y\000p\000e}{subsection.6.1.1}% 59
\BOOKMARK [3][-]{subsubsection.6.1.1.29}{\376\377\0006\000.\0001\000.\0001\000.\0002\0009\000\040\000t\000y\000p\000e\000\137\000d\000e\000s\000c\000r\000i\000p\000t\000i\000o\000n\000\137\000h\000a\000s\000h}{subsection.6.1.1}% 60
\BOOKMARK [3][-]{subsubsection.6.1.1.30}{\376\377\0006\000.\0001\000.\0001\000.\0003\0000\000\040\000v\000e\000r\000s\000i\000o\000n}{subsection.6.1.1}% 61
\BOOKMARK [1][-]{section.6.2}{\376\377\0006\000.\0002\000\040\000p\000a\000r\000a\000m\000\040\000N\000a\000m\000e\000s\000p\000a\000c\000e\000\040\000R\000e\000f\000e\000r\000e\000n\000c\000e}{chapter.6}% 62
\BOOKMARK [2][-]{subsection.6.2.1}{\376\377\0006\000.\0002\000.\0001\000\040\000V\000a\000r\000i\000a\000b\000l\000e\000\040\000D\000o\000c\000u\000m\000e\000n\000t\000a\000t\000i\000o\000n}{section.6.2}% 63
\BOOKMARK [3][-]{subsubsection.6.2.1.1}{\376\377\0006\000.\0002\000.\0001\000.\0001\000\040\000e\000v\000a\000l\000u\000a\000t\000i\000o\000n\000\137\000t\000o\000l\000e\000r\000a\000n\000c\000e}{subsection.6.2.1}% 64
\BOOKMARK [3][-]{subsubsection.6.2.1.2}{\376\377\0006\000.\0002\000.\0001\000.\0002\000\040\000i\000t\000e\000r\000a\000t\000i\000o\000n\000s}{subsection.6.2.1}% 65
\BOOKMARK [3][-]{subsubsection.6.2.1.3}{\376\377\0006\000.\0002\000.\0001\000.\0003\000\040\000m\000a\000t\000c\000h\000e\000s\000\137\000f\000o\000r\000\137\000n\000e\000w\000\137\000l\000a\000n\000d\000m\000a\000r\000k\000s}{subsection.6.2.1}% 66
\BOOKMARK [3][-]{subsubsection.6.2.1.4}{\376\377\0006\000.\0002\000.\0001\000.\0004\000\040\000m\000a\000x\000\137\000d\000e\000p\000t\000h}{subsection.6.2.1}% 67
\BOOKMARK [3][-]{subsubsection.6.2.1.5}{\376\377\0006\000.\0002\000.\0001\000.\0005\000\040\000m\000a\000x\000\137\000r\000o\000t\000a\000t\000i\000o\000n\000\137\000a\000n\000g\000l\000e\000\137\000d\000e\000g}{subsection.6.2.1}% 68
\BOOKMARK [3][-]{subsubsection.6.2.1.6}{\376\377\0006\000.\0002\000.\0001\000.\0006\000\040\000m\000i\000n\000\137\000i\000n\000l\000i\000e\000r\000\137\000r\000a\000t\000i\000o}{subsection.6.2.1}% 69
\BOOKMARK [3][-]{subsubsection.6.2.1.7}{\376\377\0006\000.\0002\000.\0001\000.\0007\000\040\000m\000i\000n\000\137\000l\000a\000n\000d\000m\000a\000r\000k\000\137\000t\000r\000u\000s\000t}{subsection.6.2.1}% 70
\BOOKMARK [3][-]{subsubsection.6.2.1.8}{\376\377\0006\000.\0002\000.\0001\000.\0008\000\040\000m\000i\000n\000\137\000m\000a\000t\000c\000h\000e\000s\000\137\000f\000o\000r\000\137\000r\000a\000n\000s\000a\000c}{subsection.6.2.1}% 71
\BOOKMARK [3][-]{subsubsection.6.2.1.9}{\376\377\0006\000.\0002\000.\0001\000.\0009\000\040\000n\000\137\000r\000o\000b\000o\000t\000\137\000s\000a\000m\000p\000l\000e\000s}{subsection.6.2.1}% 72
\BOOKMARK [3][-]{subsubsection.6.2.1.10}{\376\377\0006\000.\0002\000.\0001\000.\0001\0000\000\040\000p\000i\000x\000e\000l\000\137\000t\000o\000l\000e\000r\000a\000n\000c\000e}{subsection.6.2.1}% 73
\BOOKMARK [3][-]{subsubsection.6.2.1.11}{\376\377\0006\000.\0002\000.\0001\000.\0001\0001\000\040\000r\000a\000n\000s\000a\000c}{subsection.6.2.1}% 74
\BOOKMARK [3][-]{subsubsection.6.2.1.12}{\376\377\0006\000.\0002\000.\0001\000.\0001\0002\000\040\000r\000g\000b\000\137\000d\000e\000p\000t\000h\000\137\000s\000y\000n\000c\000\137\000t\000o\000l\000e\000r\000a\000n\000c\000e\000\137\000s\000e\000c}{subsection.6.2.1}% 75
\BOOKMARK [3][-]{subsubsection.6.2.1.13}{\376\377\0006\000.\0002\000.\0001\000.\0001\0003\000\040\000r\000o\000s\000\137\000\137\000p\000a\000r\000a\000m\000e\000t\000e\000r\000s}{subsection.6.2.1}% 76
\BOOKMARK [3][-]{subsubsection.6.2.1.14}{\376\377\0006\000.\0002\000.\0001\000.\0001\0004\000\040\000r\000o\000s\000b\000a\000g\000\137\000p\000a\000t\000h}{subsection.6.2.1}% 77
\BOOKMARK [3][-]{subsubsection.6.2.1.15}{\376\377\0006\000.\0002\000.\0001\000.\0001\0005\000\040\000s\000a\000m\000p\000l\000e\000\137\000s\000i\000z\000e}{subsection.6.2.1}% 78
\BOOKMARK [3][-]{subsubsection.6.2.1.16}{\376\377\0006\000.\0002\000.\0001\000.\0001\0006\000\040\000v\000i\000s\000u\000a\000l\000\137\000o\000d\000o\000m\000\137\000n\000o\000d\000e}{subsection.6.2.1}% 79
\BOOKMARK [1][-]{section.6.3}{\376\377\0006\000.\0003\000\040\000s\000e\000t\000u\000p\000\040\000N\000a\000m\000e\000s\000p\000a\000c\000e\000\040\000R\000e\000f\000e\000r\000e\000n\000c\000e}{chapter.6}% 80
\BOOKMARK [2][-]{subsection.6.3.1}{\376\377\0006\000.\0003\000.\0001\000\040\000V\000a\000r\000i\000a\000b\000l\000e\000\040\000D\000o\000c\000u\000m\000e\000n\000t\000a\000t\000i\000o\000n}{section.6.3}% 81
\BOOKMARK [3][-]{subsubsection.6.3.1.1}{\376\377\0006\000.\0003\000.\0001\000.\0001\000\040\000d\000a\000t\000a\000\137\000f\000i\000l\000e\000s}{subsection.6.3.1}% 82
\BOOKMARK [3][-]{subsubsection.6.3.1.2}{\376\377\0006\000.\0003\000.\0001\000.\0002\000\040\000d\000e\000s\000c\000r\000i\000p\000t\000i\000o\000n}{subsection.6.3.1}% 83
\BOOKMARK [3][-]{subsubsection.6.3.1.3}{\376\377\0006\000.\0003\000.\0001\000.\0003\000\040\000e\000n\000t\000r\000y\000\137\000p\000o\000i\000n\000t\000s}{subsection.6.3.1}% 84
\BOOKMARK [3][-]{subsubsection.6.3.1.4}{\376\377\0006\000.\0003\000.\0001\000.\0004\000\040\000e\000x\000t\000r\000a\000s\000\137\000r\000e\000q\000u\000i\000r\000e}{subsection.6.3.1}% 85
\BOOKMARK [3][-]{subsubsection.6.3.1.5}{\376\377\0006\000.\0003\000.\0001\000.\0005\000\040\000i\000n\000s\000t\000a\000l\000l\000\137\000r\000e\000q\000u\000i\000r\000e\000s}{subsection.6.3.1}% 86
\BOOKMARK [3][-]{subsubsection.6.3.1.6}{\376\377\0006\000.\0003\000.\0001\000.\0006\000\040\000l\000i\000c\000e\000n\000s\000e}{subsection.6.3.1}% 87
\BOOKMARK [3][-]{subsubsection.6.3.1.7}{\376\377\0006\000.\0003\000.\0001\000.\0007\000\040\000m\000a\000i\000n\000t\000a\000i\000n\000e\000r}{subsection.6.3.1}% 88
\BOOKMARK [3][-]{subsubsection.6.3.1.8}{\376\377\0006\000.\0003\000.\0001\000.\0008\000\040\000m\000a\000i\000n\000t\000a\000i\000n\000e\000r\000\137\000e\000m\000a\000i\000l}{subsection.6.3.1}% 89
\BOOKMARK [3][-]{subsubsection.6.3.1.9}{\376\377\0006\000.\0003\000.\0001\000.\0009\000\040\000n\000a\000m\000e}{subsection.6.3.1}% 90
\BOOKMARK [3][-]{subsubsection.6.3.1.10}{\376\377\0006\000.\0003\000.\0001\000.\0001\0000\000\040\000p\000a\000c\000k\000a\000g\000e\000\137\000n\000a\000m\000e}{subsection.6.3.1}% 91
\BOOKMARK [3][-]{subsubsection.6.3.1.11}{\376\377\0006\000.\0003\000.\0001\000.\0001\0001\000\040\000p\000a\000c\000k\000a\000g\000e\000s}{subsection.6.3.1}% 92
\BOOKMARK [3][-]{subsubsection.6.3.1.12}{\376\377\0006\000.\0003\000.\0001\000.\0001\0002\000\040\000v\000e\000r\000s\000i\000o\000n}{subsection.6.3.1}% 93
\BOOKMARK [3][-]{subsubsection.6.3.1.13}{\376\377\0006\000.\0003\000.\0001\000.\0001\0003\000\040\000z\000i\000p\000\137\000s\000a\000f\000e}{subsection.6.3.1}% 94
\BOOKMARK [1][-]{section.6.4}{\376\377\0006\000.\0004\000\040\000v\000i\000s\000u\000a\000l\000\137\000o\000d\000o\000m\000\040\000N\000a\000m\000e\000s\000p\000a\000c\000e\000\040\000R\000e\000f\000e\000r\000e\000n\000c\000e}{chapter.6}% 95
\BOOKMARK [1][-]{section.6.5}{\376\377\0006\000.\0005\000\040\000v\000i\000s\000u\000a\000l\000\137\000o\000d\000o\000m\000.\000c\000o\000n\000f\000i\000g\000\040\000N\000a\000m\000e\000s\000p\000a\000c\000e\000\040\000R\000e\000f\000e\000r\000e\000n\000c\000e}{chapter.6}% 96
\BOOKMARK [2][-]{subsection.6.5.1}{\376\377\0006\000.\0005\000.\0001\000\040\000D\000e\000t\000a\000i\000l\000e\000d\000\040\000D\000e\000s\000c\000r\000i\000p\000t\000i\000o\000n}{section.6.5}% 97
\BOOKMARK [1][-]{section.6.6}{\376\377\0006\000.\0006\000\040\000v\000i\000s\000u\000a\000l\000\137\000o\000d\000o\000m\000.\000c\000o\000n\000s\000t\000a\000n\000t\000s\000\040\000N\000a\000m\000e\000s\000p\000a\000c\000e\000\040\000R\000e\000f\000e\000r\000e\000n\000c\000e}{chapter.6}% 98
\BOOKMARK [2][-]{subsection.6.6.1}{\376\377\0006\000.\0006\000.\0001\000\040\000D\000e\000t\000a\000i\000l\000e\000d\000\040\000D\000e\000s\000c\000r\000i\000p\000t\000i\000o\000n}{section.6.6}% 99
\BOOKMARK [2][-]{subsection.6.6.2}{\376\377\0006\000.\0006\000.\0002\000\040\000F\000u\000n\000c\000t\000i\000o\000n\000\040\000D\000o\000c\000u\000m\000e\000n\000t\000a\000t\000i\000o\000n}{section.6.6}% 100
\BOOKMARK [3][-]{subsubsection.6.6.2.1}{\376\377\0006\000.\0006\000.\0002\000.\0001\000\040\000n\000o\000r\000m\000a\000l\000i\000z\000e\000\137\000a\000n\000g\000l\000e\000\050\000\051}{subsection.6.6.2}% 101
\BOOKMARK [2][-]{subsection.6.6.3}{\376\377\0006\000.\0006\000.\0003\000\040\000V\000a\000r\000i\000a\000b\000l\000e\000\040\000D\000o\000c\000u\000m\000e\000n\000t\000a\000t\000i\000o\000n}{section.6.6}% 102
\BOOKMARK [3][-]{subsubsection.6.6.3.1}{\376\377\0006\000.\0006\000.\0003\000.\0001\000\040\000A\000C\000C\000U\000M\000U\000L\000A\000T\000E\000D\000\137\000P\000O\000I\000N\000T\000C\000L\000O\000U\000D\000\137\000F\000R\000A\000M\000E\000\137\000T\000O\000P\000I\000C}{subsection.6.6.3}% 103
\BOOKMARK [3][-]{subsubsection.6.6.3.2}{\376\377\0006\000.\0006\000.\0003\000.\0002\000\040\000B\000A\000S\000E\000\137\000L\000I\000N\000K\000\137\000F\000R\000A\000M\000E\000\137\000I\000D}{subsection.6.6.3}% 104
\BOOKMARK [3][-]{subsubsection.6.6.3.3}{\376\377\0006\000.\0006\000.\0003\000.\0003\000\040\000C\000A\000M\000E\000R\000A\000\137\000A\000N\000G\000L\000E\000\137\000H\000O\000R\000\137\000R\000A\000D}{subsection.6.6.3}% 105
\BOOKMARK [3][-]{subsubsection.6.6.3.4}{\376\377\0006\000.\0006\000.\0003\000.\0004\000\040\000C\000A\000M\000E\000R\000A\000\137\000A\000N\000G\000L\000E\000\137\000V\000E\000R\000\137\000R\000A\000D}{subsection.6.6.3}% 106
\BOOKMARK [3][-]{subsubsection.6.6.3.5}{\376\377\0006\000.\0006\000.\0003\000.\0005\000\040\000C\000A\000M\000E\000R\000A\000\137\000P\000O\000S\000\137\000I\000N\000\137\000B\000A\000S\000E\000L\000I\000N\000K}{subsection.6.6.3}% 107
\BOOKMARK [3][-]{subsubsection.6.6.3.6}{\376\377\0006\000.\0006\000.\0003\000.\0006\000\040\000C\000U}{subsection.6.6.3}% 108
\BOOKMARK [3][-]{subsubsection.6.6.3.7}{\376\377\0006\000.\0006\000.\0003\000.\0007\000\040\000C\000V}{subsection.6.6.3}% 109
\BOOKMARK [3][-]{subsubsection.6.6.3.8}{\376\377\0006\000.\0006\000.\0003\000.\0008\000\040\000D\000E\000C\000R\000E\000A\000S\000E\000\137\000T\000R\000U\000S\000T\000\137\000F\000A\000C\000T\000O\000R}{subsection.6.6.3}% 110
\BOOKMARK [3][-]{subsubsection.6.6.3.9}{\376\377\0006\000.\0006\000.\0003\000.\0009\000\040\000D\000E\000P\000T\000H\000\137\000I\000M\000A\000G\000E\000\137\000T\000O\000P\000I\000C}{subsection.6.6.3}% 111
\BOOKMARK [3][-]{subsubsection.6.6.3.10}{\376\377\0006\000.\0006\000.\0003\000.\0001\0000\000\040\000E\000R\000R\000O\000R\000\137\000M\000I\000N\000\137\000D\000E\000P\000T\000H}{subsection.6.6.3}% 112
\BOOKMARK [3][-]{subsubsection.6.6.3.11}{\376\377\0006\000.\0006\000.\0003\000.\0001\0001\000\040\000E\000R\000R\000O\000R\000\137\000Q\000U\000A\000D\000R\000A\000T\000I\000C\000\137\000D\000E\000P\000T\000H}{subsection.6.6.3}% 113
\BOOKMARK [3][-]{subsubsection.6.6.3.12}{\376\377\0006\000.\0006\000.\0003\000.\0001\0002\000\040\000F}{subsection.6.6.3}% 114
\BOOKMARK [3][-]{subsubsection.6.6.3.13}{\376\377\0006\000.\0006\000.\0003\000.\0001\0003\000\040\000F\000I\000L\000T\000E\000R\000E\000D\000\137\000O\000D\000O\000M\000E\000T\000R\000Y\000\137\000T\000O\000P\000I\000C}{subsection.6.6.3}% 115
\BOOKMARK [3][-]{subsubsection.6.6.3.14}{\376\377\0006\000.\0006\000.\0003\000.\0001\0004\000\040\000G\000A\000U\000S\000S\000\137\000N\000O\000I\000S\000E\000\137\000T\000H\000E\000T\000A\000\137\000S\000I\000G\000M\000A}{subsection.6.6.3}% 116
\BOOKMARK [3][-]{subsubsection.6.6.3.15}{\376\377\0006\000.\0006\000.\0003\000.\0001\0005\000\040\000G\000A\000U\000S\000S\000\137\000N\000O\000I\000S\000E\000\137\000X\000\137\000S\000I\000G\000M\000A}{subsection.6.6.3}% 117
\BOOKMARK [3][-]{subsubsection.6.6.3.16}{\376\377\0006\000.\0006\000.\0003\000.\0001\0006\000\040\000G\000A\000U\000S\000S\000\137\000N\000O\000I\000S\000E\000\137\000Y\000\137\000S\000I\000G\000M\000A}{subsection.6.6.3}% 118
\BOOKMARK [3][-]{subsubsection.6.6.3.17}{\376\377\0006\000.\0006\000.\0003\000.\0001\0007\000\040\000I\000M\000U\000\137\000O\000D\000O\000M\000E\000T\000R\000Y\000\137\000T\000O\000P\000I\000C}{subsection.6.6.3}% 119
\BOOKMARK [3][-]{subsubsection.6.6.3.18}{\376\377\0006\000.\0006\000.\0003\000.\0001\0008\000\040\000I\000N\000C\000R\000E\000A\000S\000E\000\137\000T\000R\000U\000S\000T\000\137\000V\000A\000L\000U\000E}{subsection.6.6.3}% 120
\BOOKMARK [3][-]{subsubsection.6.6.3.19}{\376\377\0006\000.\0006\000.\0003\000.\0001\0009\000\040\000I\000N\000I\000T\000I\000A\000L\000\137\000L\000A\000N\000D\000M\000A\000R\000K\000\137\000C\000O\000U\000N\000T}{subsection.6.6.3}% 121
\BOOKMARK [3][-]{subsubsection.6.6.3.20}{\376\377\0006\000.\0006\000.\0003\000.\0002\0000\000\040\000K\000E\000Y\000P\000O\000I\000N\000T\000\137\000P\000O\000I\000N\000T\000C\000L\000O\000U\000D\000\137\000F\000R\000A\000M\000E\000\137\000T\000O\000P\000I\000C}{subsection.6.6.3}% 122
\BOOKMARK [3][-]{subsubsection.6.6.3.21}{\376\377\0006\000.\0006\000.\0003\000.\0002\0001\000\040\000K\000I\000N\000E\000C\000T\000\137\000F\000R\000A\000M\000E\000\137\000I\000D}{subsection.6.6.3}% 123
\BOOKMARK [3][-]{subsubsection.6.6.3.22}{\376\377\0006\000.\0006\000.\0003\000.\0002\0002\000\040\000K\000P\000\137\000I\000M\000A\000G\000E\000\137\000T\000O\000P\000I\000C}{subsection.6.6.3}% 124
\BOOKMARK [3][-]{subsubsection.6.6.3.23}{\376\377\0006\000.\0006\000.\0003\000.\0002\0003\000\040\000M\000A\000T\000C\000H\000E\000S\000\137\000F\000O\000R\000\137\000N\000E\000W\000\137\000L\000A\000N\000D\000M\000A\000R\000K\000S}{subsection.6.6.3}% 125
\BOOKMARK [3][-]{subsubsection.6.6.3.24}{\376\377\0006\000.\0006\000.\0003\000.\0002\0004\000\040\000M\000A\000X\000\137\000A\000D\000D\000I\000T\000I\000O\000N\000A\000L\000\137\000N\000O\000I\000S\000E\000\137\000R\000A\000N\000S\000A\000C\000\137\000F\000A\000I\000L\000U\000R\000E}{subsection.6.6.3}% 126
\BOOKMARK [3][-]{subsubsection.6.6.3.25}{\376\377\0006\000.\0006\000.\0003\000.\0002\0005\000\040\000M\000A\000X\000\137\000A\000L\000T\000I\000T\000U\000D\000E}{subsection.6.6.3}% 127
\BOOKMARK [3][-]{subsubsection.6.6.3.26}{\376\377\0006\000.\0006\000.\0003\000.\0002\0006\000\040\000M\000A\000X\000\137\000A\000Z\000I\000M\000U\000T\000H}{subsection.6.6.3}% 128
\BOOKMARK [3][-]{subsubsection.6.6.3.27}{\376\377\0006\000.\0006\000.\0003\000.\0002\0007\000\040\000M\000A\000X\000\137\000D\000E\000P\000T\000H}{subsection.6.6.3}% 129
\BOOKMARK [3][-]{subsubsection.6.6.3.28}{\376\377\0006\000.\0006\000.\0003\000.\0002\0008\000\040\000M\000A\000X\000\137\000R\000O\000T\000A\000T\000I\000O\000N\000\137\000A\000N\000G\000L\000E\000\137\000D\000E\000G}{subsection.6.6.3}% 130
\BOOKMARK [3][-]{subsubsection.6.6.3.29}{\376\377\0006\000.\0006\000.\0003\000.\0002\0009\000\040\000M\000A\000X\000\137\000U}{subsection.6.6.3}% 131
\BOOKMARK [3][-]{subsubsection.6.6.3.30}{\376\377\0006\000.\0006\000.\0003\000.\0003\0000\000\040\000M\000A\000X\000\137\000V}{subsection.6.6.3}% 132
\BOOKMARK [3][-]{subsubsection.6.6.3.31}{\376\377\0006\000.\0006\000.\0003\000.\0003\0001\000\040\000M\000I\000N\000\137\000D\000E\000P\000T\000H}{subsection.6.6.3}% 133
\BOOKMARK [3][-]{subsubsection.6.6.3.32}{\376\377\0006\000.\0006\000.\0003\000.\0003\0002\000\040\000M\000I\000N\000\137\000D\000E\000T\000\137\000V\000A\000L\000U\000E}{subsection.6.6.3}% 134
\BOOKMARK [3][-]{subsubsection.6.6.3.33}{\376\377\0006\000.\0006\000.\0003\000.\0003\0003\000\040\000M\000I\000N\000\137\000L\000A\000N\000D\000M\000A\000R\000K\000\137\000T\000R\000U\000S\000T}{subsection.6.6.3}% 135
\BOOKMARK [3][-]{subsubsection.6.6.3.34}{\376\377\0006\000.\0006\000.\0003\000.\0003\0004\000\040\000M\000I\000N\000\137\000M\000A\000T\000C\000H\000E\000S\000\137\000F\000O\000R\000\137\000R\000A\000N\000S\000A\000C}{subsection.6.6.3}% 136
\BOOKMARK [3][-]{subsubsection.6.6.3.35}{\376\377\0006\000.\0006\000.\0003\000.\0003\0005\000\040\000N\000\137\000R\000O\000B\000O\000T\000\137\000S\000A\000M\000P\000L\000E\000S}{subsection.6.6.3}% 137
\BOOKMARK [3][-]{subsubsection.6.6.3.36}{\376\377\0006\000.\0006\000.\0003\000.\0003\0006\000\040\000N\000O\000I\000S\000E\000\137\000I\000N\000C\000R\000E\000M\000E\000N\000T\000\137\000R\000A\000N\000S\000A\000C\000\137\000F\000A\000I\000L\000U\000R\000E}{subsection.6.6.3}% 138
\BOOKMARK [3][-]{subsubsection.6.6.3.37}{\376\377\0006\000.\0006\000.\0003\000.\0003\0007\000\040\000N\000O\000I\000S\000E\000\137\000R\000O\000T\000A\000T\000I\000O\000N\000\137\000T\000H\000R\000E\000S\000H\000O\000L\000D}{subsection.6.6.3}% 139
\BOOKMARK [3][-]{subsubsection.6.6.3.38}{\376\377\0006\000.\0006\000.\0003\000.\0003\0008\000\040\000N\000O\000I\000S\000E\000\137\000T\000R\000A\000N\000S\000L\000A\000T\000I\000O\000N\000\137\000T\000H\000R\000E\000S\000H\000O\000L\000D}{subsection.6.6.3}% 140
\BOOKMARK [3][-]{subsubsection.6.6.3.39}{\376\377\0006\000.\0006\000.\0003\000.\0003\0009\000\040\000p\000a\000r\000a\000m\000e\000t\000e\000r\000s}{subsection.6.6.3}% 141
\BOOKMARK [3][-]{subsubsection.6.6.3.40}{\376\377\0006\000.\0006\000.\0003\000.\0004\0000\000\040\000P\000E\000R\000C\000E\000N\000T\000A\000G\000E\000\137\000O\000F\000\137\000P\000L\000A\000Y\000\137\000S\000P\000E\000E\000D}{subsection.6.6.3}% 142
\BOOKMARK [3][-]{subsubsection.6.6.3.41}{\376\377\0006\000.\0006\000.\0003\000.\0004\0001\000\040\000P\000I\000X\000E\000L\000\137\000T\000O\000L\000E\000R\000A\000N\000C\000E}{subsection.6.6.3}% 143
\BOOKMARK [3][-]{subsubsection.6.6.3.42}{\376\377\0006\000.\0006\000.\0003\000.\0004\0002\000\040\000P\000O\000I\000N\000T\000C\000L\000O\000U\000D\000\137\000F\000R\000A\000M\000E\000\137\000T\000O\000P\000I\000C}{subsection.6.6.3}% 144
\BOOKMARK [3][-]{subsubsection.6.6.3.43}{\376\377\0006\000.\0006\000.\0003\000.\0004\0003\000\040\000R\000A\000N\000S\000A\000C\000\137\000E\000V\000A\000L\000U\000A\000T\000I\000O\000N\000\137\000T\000O\000L\000E\000R\000A\000N\000C\000E}{subsection.6.6.3}% 145
\BOOKMARK [3][-]{subsubsection.6.6.3.44}{\376\377\0006\000.\0006\000.\0003\000.\0004\0004\000\040\000R\000A\000N\000S\000A\000C\000\137\000I\000T\000E\000R\000A\000T\000I\000O\000N}{subsection.6.6.3}% 146
\BOOKMARK [3][-]{subsubsection.6.6.3.45}{\376\377\0006\000.\0006\000.\0003\000.\0004\0005\000\040\000R\000A\000N\000S\000A\000C\000\137\000M\000I\000N\000\137\000I\000N\000L\000I\000E\000R\000\137\000R\000A\000T\000I\000O}{subsection.6.6.3}% 147
\BOOKMARK [3][-]{subsubsection.6.6.3.46}{\376\377\0006\000.\0006\000.\0003\000.\0004\0006\000\040\000R\000A\000N\000S\000A\000C\000\137\000S\000A\000M\000P\000L\000E\000\137\000S\000I\000Z\000E}{subsection.6.6.3}% 148
\BOOKMARK [3][-]{subsubsection.6.6.3.47}{\376\377\0006\000.\0006\000.\0003\000.\0004\0007\000\040\000R\000E\000S\000A\000M\000P\000L\000E\000\137\000P\000O\000S\000\137\000T\000O\000L\000E\000R\000A\000N\000C\000E}{subsection.6.6.3}% 149
\BOOKMARK [3][-]{subsubsection.6.6.3.48}{\376\377\0006\000.\0006\000.\0003\000.\0004\0008\000\040\000R\000E\000S\000A\000M\000P\000L\000E\000\137\000T\000H\000E\000T\000A\000\137\000T\000O\000L\000E\000R\000A\000N\000C\000E}{subsection.6.6.3}% 150
\BOOKMARK [3][-]{subsubsection.6.6.3.49}{\376\377\0006\000.\0006\000.\0003\000.\0004\0009\000\040\000R\000E\000S\000A\000M\000P\000L\000E\000\137\000T\000I\000M\000E\000\137\000T\000O\000L\000E\000R\000A\000N\000C\000E}{subsection.6.6.3}% 151
\BOOKMARK [3][-]{subsubsection.6.6.3.50}{\376\377\0006\000.\0006\000.\0003\000.\0005\0000\000\040\000R\000E\000S\000O\000L\000U\000T\000I\000O\000N\000\137\000C\000O\000N\000E\000\137\000H}{subsection.6.6.3}% 152
\BOOKMARK [3][-]{subsubsection.6.6.3.51}{\376\377\0006\000.\0006\000.\0003\000.\0005\0001\000\040\000R\000E\000S\000O\000L\000U\000T\000I\000O\000N\000\137\000C\000O\000N\000E\000\137\000V}{subsection.6.6.3}% 153
\BOOKMARK [3][-]{subsubsection.6.6.3.52}{\376\377\0006\000.\0006\000.\0003\000.\0005\0002\000\040\000R\000G\000B\000\137\000D\000E\000P\000T\000H\000\137\000S\000Y\000N\000C\000\137\000T\000O\000L\000E\000R\000A\000N\000C\000E\000\137\000S\000E\000C}{subsection.6.6.3}% 154
\BOOKMARK [3][-]{subsubsection.6.6.3.53}{\376\377\0006\000.\0006\000.\0003\000.\0005\0003\000\040\000R\000G\000B\000\137\000I\000M\000A\000G\000E\000\137\000T\000O\000P\000I\000C}{subsection.6.6.3}% 155
\BOOKMARK [3][-]{subsubsection.6.6.3.54}{\376\377\0006\000.\0006\000.\0003\000.\0005\0004\000\040\000R\000O\000T\000\137\000B\000K}{subsection.6.6.3}% 156
\BOOKMARK [3][-]{subsubsection.6.6.3.55}{\376\377\0006\000.\0006\000.\0003\000.\0005\0005\000\040\000S\000I\000G\000M\000A\000\137\000P\000I\000X\000E\000L}{subsection.6.6.3}% 157
\BOOKMARK [3][-]{subsubsection.6.6.3.56}{\376\377\0006\000.\0006\000.\0003\000.\0005\0006\000\040\000S\000I\000G\000M\000A\000\137\000T\000H\000E\000T\000A\000\137\000O\000D\000O\000M\000\137\000W\000H\000E\000E\000L\000\137\000Q}{subsection.6.6.3}% 158
\BOOKMARK [3][-]{subsubsection.6.6.3.57}{\376\377\0006\000.\0006\000.\0003\000.\0005\0007\000\040\000S\000I\000G\000M\000A\000\137\000X\000\137\000O\000D\000O\000M\000\137\000W\000H\000E\000E\000L\000\137\000Q}{subsection.6.6.3}% 159
\BOOKMARK [3][-]{subsubsection.6.6.3.58}{\376\377\0006\000.\0006\000.\0003\000.\0005\0008\000\040\000S\000I\000G\000M\000A\000\137\000Y\000\137\000O\000D\000O\000M\000\137\000W\000H\000E\000E\000L\000\137\000Q}{subsection.6.6.3}% 160
\BOOKMARK [3][-]{subsubsection.6.6.3.59}{\376\377\0006\000.\0006\000.\0003\000.\0005\0009\000\040\000T\000F\000\137\000S\000T\000A\000T\000I\000C\000\137\000T\000O\000P\000I\000C}{subsection.6.6.3}% 161
\BOOKMARK [3][-]{subsubsection.6.6.3.60}{\376\377\0006\000.\0006\000.\0003\000.\0006\0000\000\040\000V\000I\000S\000I\000O\000N\000\137\000C\000O\000N\000E\000\137\000T\000O\000P\000I\000C}{subsection.6.6.3}% 162
\BOOKMARK [3][-]{subsubsection.6.6.3.61}{\376\377\0006\000.\0006\000.\0003\000.\0006\0001\000\040\000V\000I\000S\000U\000A\000L\000\137\000O\000D\000O\000M\000\137\000F\000R\000A\000M\000E\000\137\000I\000D}{subsection.6.6.3}% 163
\BOOKMARK [3][-]{subsubsection.6.6.3.62}{\376\377\0006\000.\0006\000.\0003\000.\0006\0002\000\040\000V\000I\000S\000U\000A\000L\000\137\000O\000D\000O\000M\000\137\000M\000S\000G\000\137\000T\000O\000P\000I\000C}{subsection.6.6.3}% 164
\BOOKMARK [3][-]{subsubsection.6.6.3.63}{\376\377\0006\000.\0006\000.\0003\000.\0006\0003\000\040\000V\000I\000S\000U\000A\000L\000\137\000O\000D\000O\000M\000\137\000P\000A\000T\000H\000\137\000T\000O\000P\000I\000C}{subsection.6.6.3}% 165
\BOOKMARK [3][-]{subsubsection.6.6.3.64}{\376\377\0006\000.\0006\000.\0003\000.\0006\0004\000\040\000W\000H\000E\000E\000L\000\137\000O\000D\000O\000M\000E\000T\000R\000Y\000\137\000T\000O\000P\000I\000C}{subsection.6.6.3}% 166
\BOOKMARK [1][-]{section.6.7}{\376\377\0006\000.\0007\000\040\000v\000i\000s\000u\000a\000l\000\137\000o\000d\000o\000m\000.\000c\000s\000v\000\137\000c\000r\000e\000a\000t\000o\000r\000\137\000n\000o\000d\000e\000\040\000N\000a\000m\000e\000s\000p\000a\000c\000e\000\040\000R\000e\000f\000e\000r\000e\000n\000c\000e}{chapter.6}% 167
\BOOKMARK [2][-]{subsection.6.7.1}{\376\377\0006\000.\0007\000.\0001\000\040\000D\000e\000t\000a\000i\000l\000e\000d\000\040\000D\000e\000s\000c\000r\000i\000p\000t\000i\000o\000n}{section.6.7}% 168
\BOOKMARK [2][-]{subsection.6.7.2}{\376\377\0006\000.\0007\000.\0002\000\040\000F\000u\000n\000c\000t\000i\000o\000n\000\040\000D\000o\000c\000u\000m\000e\000n\000t\000a\000t\000i\000o\000n}{section.6.7}% 169
\BOOKMARK [3][-]{subsubsection.6.7.2.1}{\376\377\0006\000.\0007\000.\0002\000.\0001\000\040\000m\000a\000i\000n\000\050\000\051}{subsection.6.7.2}% 170
\BOOKMARK [1][-]{section.6.8}{\376\377\0006\000.\0008\000\040\000v\000i\000s\000u\000a\000l\000\137\000o\000d\000o\000m\000.\000e\000k\000f\000\137\000l\000a\000n\000d\000m\000a\000r\000k\000\040\000N\000a\000m\000e\000s\000p\000a\000c\000e\000\040\000R\000e\000f\000e\000r\000e\000n\000c\000e}{chapter.6}% 171
\BOOKMARK [2][-]{subsection.6.8.1}{\376\377\0006\000.\0008\000.\0001\000\040\000D\000e\000t\000a\000i\000l\000e\000d\000\040\000D\000e\000s\000c\000r\000i\000p\000t\000i\000o\000n}{section.6.8}% 172
\BOOKMARK [1][-]{section.6.9}{\376\377\0006\000.\0009\000\040\000v\000i\000s\000u\000a\000l\000\137\000o\000d\000o\000m\000.\000e\000k\000f\000\137\000r\000o\000b\000o\000t\000\040\000N\000a\000m\000e\000s\000p\000a\000c\000e\000\040\000R\000e\000f\000e\000r\000e\000n\000c\000e}{chapter.6}% 173
\BOOKMARK [2][-]{subsection.6.9.1}{\376\377\0006\000.\0009\000.\0001\000\040\000D\000e\000t\000a\000i\000l\000e\000d\000\040\000D\000e\000s\000c\000r\000i\000p\000t\000i\000o\000n}{section.6.9}% 174
\BOOKMARK [1][-]{section.6.10}{\376\377\0006\000.\0001\0000\000\040\000v\000i\000s\000u\000a\000l\000\137\000o\000d\000o\000m\000.\000l\000a\000n\000d\000m\000a\000r\000k\000\040\000N\000a\000m\000e\000s\000p\000a\000c\000e\000\040\000R\000e\000f\000e\000r\000e\000n\000c\000e}{chapter.6}% 175
\BOOKMARK [2][-]{subsection.6.10.1}{\376\377\0006\000.\0001\0000\000.\0001\000\040\000D\000e\000t\000a\000i\000l\000e\000d\000\040\000D\000e\000s\000c\000r\000i\000p\000t\000i\000o\000n}{section.6.10}% 176
\BOOKMARK [2][-]{subsection.6.10.2}{\376\377\0006\000.\0001\0000\000.\0002\000\040\000F\000u\000n\000c\000t\000i\000o\000n\000\040\000D\000o\000c\000u\000m\000e\000n\000t\000a\000t\000i\000o\000n}{section.6.10}% 177
\BOOKMARK [3][-]{subsubsection.6.10.2.1}{\376\377\0006\000.\0001\0000\000.\0002\000.\0001\000\040\000k\000a\000b\000s\000c\000h\000\050\000\051}{subsection.6.10.2}% 178
\BOOKMARK [1][-]{section.6.11}{\376\377\0006\000.\0001\0001\000\040\000v\000i\000s\000u\000a\000l\000\137\000o\000d\000o\000m\000.\000o\000d\000o\000m\000\137\000b\000u\000f\000f\000e\000r\000\040\000N\000a\000m\000e\000s\000p\000a\000c\000e\000\040\000R\000e\000f\000e\000r\000e\000n\000c\000e}{chapter.6}% 179
\BOOKMARK [1][-]{section.6.12}{\376\377\0006\000.\0001\0002\000\040\000v\000i\000s\000u\000a\000l\000\137\000o\000d\000o\000m\000.\000r\000o\000b\000o\000t\000\040\000N\000a\000m\000e\000s\000p\000a\000c\000e\000\040\000R\000e\000f\000e\000r\000e\000n\000c\000e}{chapter.6}% 180
\BOOKMARK [1][-]{section.6.13}{\376\377\0006\000.\0001\0003\000\040\000v\000i\000s\000u\000a\000l\000\137\000o\000d\000o\000m\000.\000t\000f\000\137\000m\000e\000t\000h\000o\000d\000s\000\040\000N\000a\000m\000e\000s\000p\000a\000c\000e\000\040\000R\000e\000f\000e\000r\000e\000n\000c\000e}{chapter.6}% 181
\BOOKMARK [2][-]{subsection.6.13.1}{\376\377\0006\000.\0001\0003\000.\0001\000\040\000D\000e\000t\000a\000i\000l\000e\000d\000\040\000D\000e\000s\000c\000r\000i\000p\000t\000i\000o\000n}{section.6.13}% 182
\BOOKMARK [2][-]{subsection.6.13.2}{\376\377\0006\000.\0001\0003\000.\0002\000\040\000F\000u\000n\000c\000t\000i\000o\000n\000\040\000D\000o\000c\000u\000m\000e\000n\000t\000a\000t\000i\000o\000n}{section.6.13}% 183
\BOOKMARK [3][-]{subsubsection.6.13.2.1}{\376\377\0006\000.\0001\0003\000.\0002\000.\0001\000\040\000c\000a\000l\000c\000u\000l\000a\000t\000e\000\137\000t\000f\000\050\000\051}{subsection.6.13.2}% 184
\BOOKMARK [3][-]{subsubsection.6.13.2.2}{\376\377\0006\000.\0001\0003\000.\0002\000.\0002\000\040\000k\000i\000n\000e\000c\000t\000\137\000d\000e\000p\000t\000h\000\137\000t\000o\000\137\000b\000a\000s\000e\000l\000i\000n\000k\000\050\000\051}{subsection.6.13.2}% 185
\BOOKMARK [3][-]{subsubsection.6.13.2.3}{\376\377\0006\000.\0001\0003\000.\0002\000.\0003\000\040\000k\000i\000n\000e\000c\000t\000\137\000d\000e\000p\000t\000h\000\137\000t\000o\000\137\000o\000d\000o\000m\000\050\000\051}{subsection.6.13.2}% 186
\BOOKMARK [3][-]{subsubsection.6.13.2.4}{\376\377\0006\000.\0001\0003\000.\0002\000.\0004\000\040\000o\000d\000o\000m\000\137\000t\000o\000\137\000b\000a\000s\000e\000l\000i\000n\000k\000\050\000\051}{subsection.6.13.2}% 187
\BOOKMARK [3][-]{subsubsection.6.13.2.5}{\376\377\0006\000.\0001\0003\000.\0002\000.\0005\000\040\000p\000i\000x\000e\000l\000\137\000t\000o\000\137\000k\000i\000n\000e\000c\000t\000\050\000\051}{subsection.6.13.2}% 188
\BOOKMARK [3][-]{subsubsection.6.13.2.6}{\376\377\0006\000.\0001\0003\000.\0002\000.\0006\000\040\000p\000i\000x\000e\000l\000\137\000t\000o\000\137\000k\000i\000n\000e\000c\000t\000\137\000\050\000\051}{subsection.6.13.2}% 189
\BOOKMARK [1][-]{section.6.14}{\376\377\0006\000.\0001\0004\000\040\000v\000i\000s\000u\000a\000l\000\137\000o\000d\000o\000m\000.\000v\000i\000s\000u\000a\000l\000\137\000o\000d\000o\000m\000\137\000m\000a\000p\000\040\000N\000a\000m\000e\000s\000p\000a\000c\000e\000\040\000R\000e\000f\000e\000r\000e\000n\000c\000e}{chapter.6}% 190
\BOOKMARK [2][-]{subsection.6.14.1}{\376\377\0006\000.\0001\0004\000.\0001\000\040\000D\000e\000t\000a\000i\000l\000e\000d\000\040\000D\000e\000s\000c\000r\000i\000p\000t\000i\000o\000n}{section.6.14}% 191
\BOOKMARK [1][-]{section.6.15}{\376\377\0006\000.\0001\0005\000\040\000v\000i\000s\000u\000a\000l\000\137\000o\000d\000o\000m\000.\000v\000i\000s\000u\000a\000l\000\137\000o\000d\000o\000m\000\137\000n\000o\000d\000e\000\040\000N\000a\000m\000e\000s\000p\000a\000c\000e\000\040\000R\000e\000f\000e\000r\000e\000n\000c\000e}{chapter.6}% 192
\BOOKMARK [2][-]{subsection.6.15.1}{\376\377\0006\000.\0001\0005\000.\0001\000\040\000D\000e\000t\000a\000i\000l\000e\000d\000\040\000D\000e\000s\000c\000r\000i\000p\000t\000i\000o\000n}{section.6.15}% 193
\BOOKMARK [2][-]{subsection.6.15.2}{\376\377\0006\000.\0001\0005\000.\0002\000\040\000F\000u\000n\000c\000t\000i\000o\000n\000\040\000D\000o\000c\000u\000m\000e\000n\000t\000a\000t\000i\000o\000n}{section.6.15}% 194
\BOOKMARK [3][-]{subsubsection.6.15.2.1}{\376\377\0006\000.\0001\0005\000.\0002\000.\0001\000\040\000c\000r\000e\000a\000t\000e\000\137\000p\000a\000r\000t\000i\000c\000l\000e\000\137\000p\000a\000t\000h\000\137\000m\000a\000r\000k\000e\000r\000s\000\050\000\051}{subsection.6.15.2}% 195
\BOOKMARK [3][-]{subsubsection.6.15.2.2}{\376\377\0006\000.\0001\0005\000.\0002\000.\0002\000\040\000m\000a\000i\000n\000\050\000\051}{subsection.6.15.2}% 196
\BOOKMARK [1][-]{section.6.16}{\376\377\0006\000.\0001\0006\000\040\000v\000i\000s\000u\000a\000l\000\137\000o\000d\000o\000m\000\137\000l\000a\000u\000n\000c\000h\000\040\000N\000a\000m\000e\000s\000p\000a\000c\000e\000\040\000R\000e\000f\000e\000r\000e\000n\000c\000e}{chapter.6}% 197
\BOOKMARK [2][-]{subsection.6.16.1}{\376\377\0006\000.\0001\0006\000.\0001\000\040\000F\000u\000n\000c\000t\000i\000o\000n\000\040\000D\000o\000c\000u\000m\000e\000n\000t\000a\000t\000i\000o\000n}{section.6.16}% 198
\BOOKMARK [3][-]{subsubsection.6.16.1.1}{\376\377\0006\000.\0001\0006\000.\0001\000.\0001\000\040\000g\000e\000n\000e\000r\000a\000t\000e\000\137\000l\000a\000u\000n\000c\000h\000\137\000d\000e\000s\000c\000r\000i\000p\000t\000i\000o\000n\000\050\000\051}{subsection.6.16.1}% 199
\BOOKMARK [0][-]{chapter.7}{\376\377\0007\000\040\000C\000l\000a\000s\000s\000\040\000D\000o\000c\000u\000m\000e\000n\000t\000a\000t\000i\000o\000n}{}% 200
\BOOKMARK [1][-]{section.7.1}{\376\377\0007\000.\0001\000\040\000v\000i\000s\000u\000a\000l\000\137\000o\000d\000o\000m\000.\000c\000o\000n\000s\000t\000a\000n\000t\000s\000.\000C\000o\000o\000r\000d\000i\000n\000a\000t\000e\000\040\000C\000l\000a\000s\000s\000\040\000R\000e\000f\000e\000r\000e\000n\000c\000e}{chapter.7}% 201
\BOOKMARK [2][-]{subsection.7.1.1}{\376\377\0007\000.\0001\000.\0001\000\040\000D\000e\000t\000a\000i\000l\000e\000d\000\040\000D\000e\000s\000c\000r\000i\000p\000t\000i\000o\000n}{section.7.1}% 202
\BOOKMARK [2][-]{subsection.7.1.2}{\376\377\0007\000.\0001\000.\0002\000\040\000M\000e\000m\000b\000e\000r\000\040\000F\000u\000n\000c\000t\000i\000o\000n\000\040\000D\000o\000c\000u\000m\000e\000n\000t\000a\000t\000i\000o\000n}{section.7.1}% 203
\BOOKMARK [3][-]{subsubsection.7.1.2.1}{\376\377\0007\000.\0001\000.\0002\000.\0001\000\040\000\137\000\137\000a\000d\000d\000\137\000\137\000\050\000\051}{subsection.7.1.2}% 204
\BOOKMARK [3][-]{subsubsection.7.1.2.2}{\376\377\0007\000.\0001\000.\0002\000.\0002\000\040\000\137\000\137\000m\000u\000l\000\137\000\137\000\050\000\051}{subsection.7.1.2}% 205
\BOOKMARK [3][-]{subsubsection.7.1.2.3}{\376\377\0007\000.\0001\000.\0002\000.\0003\000\040\000\137\000\137\000s\000u\000b\000\137\000\137\000\050\000\051}{subsection.7.1.2}% 206
\BOOKMARK [3][-]{subsubsection.7.1.2.4}{\376\377\0007\000.\0001\000.\0002\000.\0004\000\040\000\137\000\137\000t\000r\000u\000e\000d\000i\000v\000\137\000\137\000\050\000\051}{subsection.7.1.2}% 207
\BOOKMARK [2][-]{subsection.7.1.3}{\376\377\0007\000.\0001\000.\0003\000\040\000M\000e\000m\000b\000e\000r\000\040\000D\000a\000t\000a\000\040\000D\000o\000c\000u\000m\000e\000n\000t\000a\000t\000i\000o\000n}{section.7.1}% 208
\BOOKMARK [3][-]{subsubsection.7.1.3.1}{\376\377\0007\000.\0001\000.\0003\000.\0001\000\040\000x}{subsection.7.1.3}% 209
\BOOKMARK [3][-]{subsubsection.7.1.3.2}{\376\377\0007\000.\0001\000.\0003\000.\0002\000\040\000y}{subsection.7.1.3}% 210
\BOOKMARK [3][-]{subsubsection.7.1.3.3}{\376\377\0007\000.\0001\000.\0003\000.\0003\000\040\000z}{subsection.7.1.3}% 211
\BOOKMARK [1][-]{section.7.2}{\376\377\0007\000.\0002\000\040\000v\000i\000s\000u\000a\000l\000\137\000o\000d\000o\000m\000.\000e\000k\000f\000\137\000l\000a\000n\000d\000m\000a\000r\000k\000.\000E\000x\000t\000e\000n\000d\000e\000d\000K\000a\000l\000m\000a\000n\000F\000i\000l\000t\000e\000r\000L\000a\000n\000d\000m\000a\000r\000k\000\040\000C\000l\000a\000s\000s\000\040\000R\000e\000f\000e\000r\000e\000n\000c\000e}{chapter.7}% 212
\BOOKMARK [2][-]{subsection.7.2.1}{\376\377\0007\000.\0002\000.\0001\000\040\000D\000e\000t\000a\000i\000l\000e\000d\000\040\000D\000e\000s\000c\000r\000i\000p\000t\000i\000o\000n}{section.7.2}% 213
\BOOKMARK [2][-]{subsection.7.2.2}{\376\377\0007\000.\0002\000.\0002\000\040\000C\000o\000n\000s\000t\000r\000u\000c\000t\000o\000r\000\040\000\046\000\040\000D\000e\000s\000t\000r\000u\000c\000t\000o\000r\000\040\000D\000o\000c\000u\000m\000e\000n\000t\000a\000t\000i\000o\000n}{section.7.2}% 214
\BOOKMARK [3][-]{subsubsection.7.2.2.1}{\376\377\0007\000.\0002\000.\0002\000.\0001\000\040\000\137\000\137\000i\000n\000i\000t\000\137\000\137\000\050\000\051}{subsection.7.2.2}% 215
\BOOKMARK [2][-]{subsection.7.2.3}{\376\377\0007\000.\0002\000.\0003\000\040\000M\000e\000m\000b\000e\000r\000\040\000F\000u\000n\000c\000t\000i\000o\000n\000\040\000D\000o\000c\000u\000m\000e\000n\000t\000a\000t\000i\000o\000n}{section.7.2}% 216
\BOOKMARK [3][-]{subsubsection.7.2.3.1}{\376\377\0007\000.\0002\000.\0003\000.\0001\000\040\000c\000a\000l\000c\000u\000l\000a\000t\000e\000\137\000j\000a\000c\000o\000b\000i\000a\000n\000\137\000F\000\050\000\051}{subsection.7.2.3}% 217
\BOOKMARK [3][-]{subsubsection.7.2.3.2}{\376\377\0007\000.\0002\000.\0003\000.\0002\000\040\000c\000a\000l\000c\000u\000l\000a\000t\000e\000\137\000j\000a\000c\000o\000b\000i\000a\000n\000\137\000H\000\050\000\051}{subsection.7.2.3}% 218
\BOOKMARK [3][-]{subsubsection.7.2.3.3}{\376\377\0007\000.\0002\000.\0003\000.\0003\000\040\000c\000a\000l\000c\000u\000l\000a\000t\000e\000\137\000Q\000\137\000m\000a\000t\000r\000i\000x\000\050\000\051}{subsection.7.2.3}% 219
\BOOKMARK [3][-]{subsubsection.7.2.3.4}{\376\377\0007\000.\0002\000.\0003\000.\0004\000\040\000c\000a\000l\000c\000u\000l\000a\000t\000e\000\137\000R\000\137\000s\000i\000g\000m\000a\000\137\000m\000a\000t\000r\000i\000x\000\050\000\051}{subsection.7.2.3}% 220
\BOOKMARK [3][-]{subsubsection.7.2.3.5}{\376\377\0007\000.\0002\000.\0003\000.\0005\000\040\000c\000o\000m\000p\000u\000t\000e\000K\000a\000l\000m\000a\000n\000G\000a\000i\000n\000\050\000\051}{subsection.7.2.3}% 221
\BOOKMARK [3][-]{subsubsection.7.2.3.6}{\376\377\0007\000.\0002\000.\0003\000.\0006\000\040\000g\000e\000t\000\137\000R\000\050\000\051}{subsection.7.2.3}% 222
\BOOKMARK [3][-]{subsubsection.7.2.3.7}{\376\377\0007\000.\0002\000.\0003\000.\0007\000\040\000l\000a\000n\000d\000m\000a\000r\000k\000\137\000k\000a\000l\000m\000a\000n\000\137\000i\000t\000e\000r\000a\000t\000i\000o\000n\000\050\000\051}{subsection.7.2.3}% 223
\BOOKMARK [3][-]{subsubsection.7.2.3.8}{\376\377\0007\000.\0002\000.\0003\000.\0008\000\040\000m\000e\000a\000s\000\137\000f\000u\000n\000c\000\050\000\051}{subsection.7.2.3}% 224
\BOOKMARK [3][-]{subsubsection.7.2.3.9}{\376\377\0007\000.\0002\000.\0003\000.\0009\000\040\000p\000r\000e\000d\000i\000c\000t\000i\000o\000n\000\050\000\051}{subsection.7.2.3}% 225
\BOOKMARK [3][-]{subsubsection.7.2.3.10}{\376\377\0007\000.\0002\000.\0003\000.\0001\0000\000\040\000p\000r\000e\000d\000i\000c\000t\000M\000e\000a\000s\000u\000r\000e\000m\000e\000n\000t\000\050\000\051}{subsection.7.2.3}% 226
\BOOKMARK [3][-]{subsubsection.7.2.3.11}{\376\377\0007\000.\0002\000.\0003\000.\0001\0001\000\040\000s\000e\000t\000\137\000j\000a\000c\000o\000b\000i\000a\000n\000\137\000F\000\050\000\051}{subsection.7.2.3}% 227
\BOOKMARK [3][-]{subsubsection.7.2.3.12}{\376\377\0007\000.\0002\000.\0003\000.\0001\0002\000\040\000s\000e\000t\000\137\000j\000a\000c\000o\000b\000i\000a\000n\000\137\000H\000\050\000\051}{subsection.7.2.3}% 228
\BOOKMARK [3][-]{subsubsection.7.2.3.13}{\376\377\0007\000.\0002\000.\0003\000.\0001\0003\000\040\000s\000e\000t\000\137\000Q\000\050\000\051}{subsection.7.2.3}% 229
\BOOKMARK [3][-]{subsubsection.7.2.3.14}{\376\377\0007\000.\0002\000.\0003\000.\0001\0004\000\040\000s\000e\000t\000\137\000R\000\050\000\051}{subsection.7.2.3}% 230
\BOOKMARK [3][-]{subsubsection.7.2.3.15}{\376\377\0007\000.\0002\000.\0003\000.\0001\0005\000\040\000s\000i\000g\000m\000a\000\137\000R\000\137\000a\000p\000p\000r\000o\000x\000i\000m\000a\000t\000i\000o\000n\000\050\000\051}{subsection.7.2.3}% 231
\BOOKMARK [3][-]{subsubsection.7.2.3.16}{\376\377\0007\000.\0002\000.\0003\000.\0001\0006\000\040\000s\000t\000a\000t\000e\000\137\000f\000u\000n\000c\000\050\000\051}{subsection.7.2.3}% 232
\BOOKMARK [3][-]{subsubsection.7.2.3.17}{\376\377\0007\000.\0002\000.\0003\000.\0001\0007\000\040\000u\000p\000d\000a\000t\000e\000\050\000\051}{subsection.7.2.3}% 233
\BOOKMARK [2][-]{subsection.7.2.4}{\376\377\0007\000.\0002\000.\0004\000\040\000M\000e\000m\000b\000e\000r\000\040\000D\000a\000t\000a\000\040\000D\000o\000c\000u\000m\000e\000n\000t\000a\000t\000i\000o\000n}{section.7.2}% 234
\BOOKMARK [3][-]{subsubsection.7.2.4.1}{\376\377\0007\000.\0002\000.\0004\000.\0001\000\040\000J\000F}{subsection.7.2.4}% 235
\BOOKMARK [3][-]{subsubsection.7.2.4.2}{\376\377\0007\000.\0002\000.\0004\000.\0002\000\040\000J\000H}{subsection.7.2.4}% 236
\BOOKMARK [3][-]{subsubsection.7.2.4.3}{\376\377\0007\000.\0002\000.\0004\000.\0003\000\040\000P}{subsection.7.2.4}% 237
\BOOKMARK [3][-]{subsubsection.7.2.4.4}{\376\377\0007\000.\0002\000.\0004\000.\0004\000\040\000Q}{subsection.7.2.4}% 238
\BOOKMARK [3][-]{subsubsection.7.2.4.5}{\376\377\0007\000.\0002\000.\0004\000.\0005\000\040\000R}{subsection.7.2.4}% 239
\BOOKMARK [3][-]{subsubsection.7.2.4.6}{\376\377\0007\000.\0002\000.\0004\000.\0006\000\040\000x}{subsection.7.2.4}% 240
\BOOKMARK [1][-]{section.7.3}{\376\377\0007\000.\0003\000\040\000v\000i\000s\000u\000a\000l\000\137\000o\000d\000o\000m\000.\000e\000k\000f\000\137\000r\000o\000b\000o\000t\000.\000E\000x\000t\000e\000n\000d\000e\000d\000K\000a\000l\000m\000a\000n\000F\000i\000l\000t\000e\000r\000R\000o\000b\000o\000t\000\040\000C\000l\000a\000s\000s\000\040\000R\000e\000f\000e\000r\000e\000n\000c\000e}{chapter.7}% 241
\BOOKMARK [2][-]{subsection.7.3.1}{\376\377\0007\000.\0003\000.\0001\000\040\000D\000e\000t\000a\000i\000l\000e\000d\000\040\000D\000e\000s\000c\000r\000i\000p\000t\000i\000o\000n}{section.7.3}% 242
\BOOKMARK [2][-]{subsection.7.3.2}{\376\377\0007\000.\0003\000.\0002\000\040\000C\000o\000n\000s\000t\000r\000u\000c\000t\000o\000r\000\040\000\046\000\040\000D\000e\000s\000t\000r\000u\000c\000t\000o\000r\000\040\000D\000o\000c\000u\000m\000e\000n\000t\000a\000t\000i\000o\000n}{section.7.3}% 243
\BOOKMARK [3][-]{subsubsection.7.3.2.1}{\376\377\0007\000.\0003\000.\0002\000.\0001\000\040\000\137\000\137\000i\000n\000i\000t\000\137\000\137\000\050\000\051}{subsection.7.3.2}% 244
\BOOKMARK [2][-]{subsection.7.3.3}{\376\377\0007\000.\0003\000.\0003\000\040\000M\000e\000m\000b\000e\000r\000\040\000F\000u\000n\000c\000t\000i\000o\000n\000\040\000D\000o\000c\000u\000m\000e\000n\000t\000a\000t\000i\000o\000n}{section.7.3}% 245
\BOOKMARK [3][-]{subsubsection.7.3.3.1}{\376\377\0007\000.\0003\000.\0003\000.\0001\000\040\000a\000d\000d\000\137\000n\000o\000i\000s\000e\000\137\000t\000o\000\137\000R\000\050\000\051}{subsection.7.3.3}% 246
\BOOKMARK [3][-]{subsubsection.7.3.3.2}{\376\377\0007\000.\0003\000.\0003\000.\0002\000\040\000c\000o\000m\000p\000u\000t\000e\000K\000a\000l\000m\000a\000n\000G\000a\000i\000n\000\050\000\051}{subsection.7.3.3}% 247
\BOOKMARK [3][-]{subsubsection.7.3.3.3}{\376\377\0007\000.\0003\000.\0003\000.\0003\000\040\000g\000e\000t\000\137\000c\000o\000v\000a\000r\000i\000a\000n\000c\000e\000\137\000p\000\050\000\051}{subsection.7.3.3}% 248
\BOOKMARK [3][-]{subsubsection.7.3.3.4}{\376\377\0007\000.\0003\000.\0003\000.\0004\000\040\000g\000e\000t\000\137\000s\000t\000a\000t\000e\000\050\000\051}{subsection.7.3.3}% 249
\BOOKMARK [3][-]{subsubsection.7.3.3.5}{\376\377\0007\000.\0003\000.\0003\000.\0005\000\040\000p\000r\000e\000d\000i\000c\000t\000i\000o\000n\000\050\000\051}{subsection.7.3.3}% 250
\BOOKMARK [3][-]{subsubsection.7.3.3.6}{\376\377\0007\000.\0003\000.\0003\000.\0006\000\040\000s\000e\000t\000\137\000Q\000\050\000\051}{subsection.7.3.3}% 251
\BOOKMARK [3][-]{subsubsection.7.3.3.7}{\376\377\0007\000.\0003\000.\0003\000.\0007\000\040\000s\000e\000t\000\137\000R\000\050\000\051}{subsection.7.3.3}% 252
\BOOKMARK [3][-]{subsubsection.7.3.3.8}{\376\377\0007\000.\0003\000.\0003\000.\0008\000\040\000s\000e\000t\000\137\000s\000t\000a\000t\000e\000\050\000\051}{subsection.7.3.3}% 253
\BOOKMARK [3][-]{subsubsection.7.3.3.9}{\376\377\0007\000.\0003\000.\0003\000.\0009\000\040\000u\000p\000d\000a\000t\000e\000\050\000\051}{subsection.7.3.3}% 254
\BOOKMARK [2][-]{subsection.7.3.4}{\376\377\0007\000.\0003\000.\0004\000\040\000M\000e\000m\000b\000e\000r\000\040\000D\000a\000t\000a\000\040\000D\000o\000c\000u\000m\000e\000n\000t\000a\000t\000i\000o\000n}{section.7.3}% 255
\BOOKMARK [3][-]{subsubsection.7.3.4.1}{\376\377\0007\000.\0003\000.\0004\000.\0001\000\040\000a\000d\000d\000i\000t\000i\000o\000n\000a\000l\000\137\000n\000o\000i\000s\000e}{subsection.7.3.4}% 256
\BOOKMARK [3][-]{subsubsection.7.3.4.2}{\376\377\0007\000.\0003\000.\0004\000.\0002\000\040\000F}{subsection.7.3.4}% 257
\BOOKMARK [3][-]{subsubsection.7.3.4.3}{\376\377\0007\000.\0003\000.\0004\000.\0003\000\040\000H}{subsection.7.3.4}% 258
\BOOKMARK [3][-]{subsubsection.7.3.4.4}{\376\377\0007\000.\0003\000.\0004\000.\0004\000\040\000P}{subsection.7.3.4}% 259
\BOOKMARK [3][-]{subsubsection.7.3.4.5}{\376\377\0007\000.\0003\000.\0004\000.\0005\000\040\000Q}{subsection.7.3.4}% 260
\BOOKMARK [3][-]{subsubsection.7.3.4.6}{\376\377\0007\000.\0003\000.\0004\000.\0006\000\040\000R}{subsection.7.3.4}% 261
\BOOKMARK [3][-]{subsubsection.7.3.4.7}{\376\377\0007\000.\0003\000.\0004\000.\0007\000\040\000x}{subsection.7.3.4}% 262
\BOOKMARK [1][-]{section.7.4}{\376\377\0007\000.\0004\000\040\000v\000i\000s\000u\000a\000l\000\137\000o\000d\000o\000m\000.\000l\000a\000n\000d\000m\000a\000r\000k\000.\000L\000a\000n\000d\000m\000a\000r\000k\000\040\000C\000l\000a\000s\000s\000\040\000R\000e\000f\000e\000r\000e\000n\000c\000e}{chapter.7}% 263
\BOOKMARK [2][-]{subsection.7.4.1}{\376\377\0007\000.\0004\000.\0001\000\040\000D\000e\000t\000a\000i\000l\000e\000d\000\040\000D\000e\000s\000c\000r\000i\000p\000t\000i\000o\000n}{section.7.4}% 264
\BOOKMARK [2][-]{subsection.7.4.2}{\376\377\0007\000.\0004\000.\0002\000\040\000C\000o\000n\000s\000t\000r\000u\000c\000t\000o\000r\000\040\000\046\000\040\000D\000e\000s\000t\000r\000u\000c\000t\000o\000r\000\040\000D\000o\000c\000u\000m\000e\000n\000t\000a\000t\000i\000o\000n}{section.7.4}% 265
\BOOKMARK [3][-]{subsubsection.7.4.2.1}{\376\377\0007\000.\0004\000.\0002\000.\0001\000\040\000\137\000\137\000i\000n\000i\000t\000\137\000\137\000\050\000\051}{subsection.7.4.2}% 266
\BOOKMARK [2][-]{subsection.7.4.3}{\376\377\0007\000.\0004\000.\0003\000\040\000M\000e\000m\000b\000e\000r\000\040\000F\000u\000n\000c\000t\000i\000o\000n\000\040\000D\000o\000c\000u\000m\000e\000n\000t\000a\000t\000i\000o\000n}{section.7.4}% 267
\BOOKMARK [3][-]{subsubsection.7.4.3.1}{\376\377\0007\000.\0004\000.\0003\000.\0001\000\040\000c\000a\000l\000c\000u\000l\000a\000t\000e\000\137\000l\000i\000k\000e\000l\000i\000h\000o\000o\000d\000\050\000\051}{subsection.7.4.3}% 268
\BOOKMARK [3][-]{subsubsection.7.4.3.2}{\376\377\0007\000.\0004\000.\0003\000.\0002\000\040\000d\000e\000c\000r\000e\000a\000s\000e\000\137\000t\000r\000u\000s\000t\000\050\000\051}{subsection.7.4.3}% 269
\BOOKMARK [3][-]{subsubsection.7.4.3.3}{\376\377\0007\000.\0004\000.\0003\000.\0003\000\040\000g\000e\000t\000\137\000c\000o\000l\000o\000r\000\050\000\051}{subsection.7.4.3}% 270
\BOOKMARK [3][-]{subsubsection.7.4.3.4}{\376\377\0007\000.\0004\000.\0003\000.\0004\000\040\000g\000e\000t\000\137\000d\000e\000p\000t\000h\000\050\000\051}{subsection.7.4.3}% 271
\BOOKMARK [3][-]{subsubsection.7.4.3.5}{\376\377\0007\000.\0004\000.\0003\000.\0005\000\040\000g\000e\000t\000\137\000d\000e\000s\000c\000r\000i\000p\000t\000o\000r\000\050\000\051}{subsection.7.4.3}% 272
\BOOKMARK [3][-]{subsubsection.7.4.3.6}{\376\377\0007\000.\0004\000.\0003\000.\0006\000\040\000g\000e\000t\000\137\000k\000i\000n\000e\000c\000t\000\137\000c\000o\000o\000r\000d\000i\000n\000a\000t\000e\000s\000\050\000\051}{subsection.7.4.3}% 273
\BOOKMARK [3][-]{subsubsection.7.4.3.7}{\376\377\0007\000.\0004\000.\0003\000.\0007\000\040\000g\000e\000t\000\137\000o\000d\000o\000m\000\137\000c\000o\000o\000r\000d\000i\000n\000a\000t\000e\000s\000\050\000\051}{subsection.7.4.3}% 274
\BOOKMARK [3][-]{subsubsection.7.4.3.8}{\376\377\0007\000.\0004\000.\0003\000.\0008\000\040\000g\000e\000t\000\137\000P\000\050\000\051}{subsection.7.4.3}% 275
\BOOKMARK [3][-]{subsubsection.7.4.3.9}{\376\377\0007\000.\0004\000.\0003\000.\0009\000\040\000g\000e\000t\000\137\000t\000r\000u\000s\000t\000\050\000\051}{subsection.7.4.3}% 276
\BOOKMARK [3][-]{subsubsection.7.4.3.10}{\376\377\0007\000.\0004\000.\0003\000.\0001\0000\000\040\000g\000e\000t\000\137\000u\000\050\000\051}{subsection.7.4.3}% 277
\BOOKMARK [3][-]{subsubsection.7.4.3.11}{\376\377\0007\000.\0004\000.\0003\000.\0001\0001\000\040\000g\000e\000t\000\137\000v\000\050\000\051}{subsection.7.4.3}% 278
\BOOKMARK [3][-]{subsubsection.7.4.3.12}{\376\377\0007\000.\0004\000.\0003\000.\0001\0002\000\040\000i\000n\000c\000r\000e\000a\000s\000e\000\137\000t\000r\000u\000s\000t\000\050\000\051}{subsection.7.4.3}% 279
\BOOKMARK [3][-]{subsubsection.7.4.3.13}{\376\377\0007\000.\0004\000.\0003\000.\0001\0003\000\040\000i\000s\000\137\000v\000i\000s\000i\000b\000l\000e\000\050\000\051}{subsection.7.4.3}% 280
\BOOKMARK [3][-]{subsubsection.7.4.3.14}{\376\377\0007\000.\0004\000.\0003\000.\0001\0004\000\040\000l\000a\000n\000d\000m\000a\000r\000k\000\137\000k\000a\000l\000m\000a\000n\000\137\000i\000t\000e\000r\000a\000t\000i\000o\000n\000\050\000\051}{subsection.7.4.3}% 281
\BOOKMARK [3][-]{subsubsection.7.4.3.15}{\376\377\0007\000.\0004\000.\0003\000.\0001\0005\000\040\000r\000e\000s\000e\000t\000\137\000t\000r\000u\000s\000t\000\050\000\051}{subsection.7.4.3}% 282
\BOOKMARK [3][-]{subsubsection.7.4.3.16}{\376\377\0007\000.\0004\000.\0003\000.\0001\0006\000\040\000s\000e\000t\000\137\000o\000d\000o\000m\000\137\000c\000o\000o\000r\000d\000i\000n\000a\000t\000e\000s\000\050\000\051}{subsection.7.4.3}% 283
\BOOKMARK [2][-]{subsection.7.4.4}{\376\377\0007\000.\0004\000.\0004\000\040\000M\000e\000m\000b\000e\000r\000\040\000D\000a\000t\000a\000\040\000D\000o\000c\000u\000m\000e\000n\000t\000a\000t\000i\000o\000n}{section.7.4}% 284
\BOOKMARK [3][-]{subsubsection.7.4.4.1}{\376\377\0007\000.\0004\000.\0004\000.\0001\000\040\000c\000o\000l\000o\000r}{subsection.7.4.4}% 285
\BOOKMARK [3][-]{subsubsection.7.4.4.2}{\376\377\0007\000.\0004\000.\0004\000.\0002\000\040\000d\000e\000s}{subsection.7.4.4}% 286
\BOOKMARK [3][-]{subsubsection.7.4.4.3}{\376\377\0007\000.\0004\000.\0004\000.\0003\000\040\000k\000i\000n\000e\000c\000t\000\137\000c\000o\000o\000r\000d\000i\000n\000a\000t\000e\000s}{subsection.7.4.4}% 287
\BOOKMARK [3][-]{subsubsection.7.4.4.4}{\376\377\0007\000.\0004\000.\0004\000.\0004\000\040\000l\000a\000n\000d\000m\000a\000r\000k\000\137\000e\000k\000f}{subsection.7.4.4}% 288
\BOOKMARK [3][-]{subsubsection.7.4.4.5}{\376\377\0007\000.\0004\000.\0004\000.\0005\000\040\000o\000d\000o\000m\000\137\000c\000o\000o\000r\000d\000i\000n\000a\000t\000e\000s}{subsection.7.4.4}% 289
\BOOKMARK [3][-]{subsubsection.7.4.4.6}{\376\377\0007\000.\0004\000.\0004\000.\0006\000\040\000P}{subsection.7.4.4}% 290
\BOOKMARK [3][-]{subsubsection.7.4.4.7}{\376\377\0007\000.\0004\000.\0004\000.\0007\000\040\000p\000i\000x\000e\000l\000\137\000c\000o\000o\000r}{subsection.7.4.4}% 291
\BOOKMARK [3][-]{subsubsection.7.4.4.8}{\376\377\0007\000.\0004\000.\0004\000.\0008\000\040\000t\000r\000u\000s\000t}{subsection.7.4.4}% 292
\BOOKMARK [1][-]{section.7.5}{\376\377\0007\000.\0005\000\040\000v\000i\000s\000u\000a\000l\000\137\000o\000d\000o\000m\000.\000o\000d\000o\000m\000\137\000b\000u\000f\000f\000e\000r\000.\000o\000d\000o\000m\000\137\000m\000e\000s\000s\000a\000g\000e\000\040\000C\000l\000a\000s\000s\000\040\000R\000e\000f\000e\000r\000e\000n\000c\000e}{chapter.7}% 293
\BOOKMARK [2][-]{subsection.7.5.1}{\376\377\0007\000.\0005\000.\0001\000\040\000M\000e\000m\000b\000e\000r\000\040\000D\000a\000t\000a\000\040\000D\000o\000c\000u\000m\000e\000n\000t\000a\000t\000i\000o\000n}{section.7.5}% 294
\BOOKMARK [3][-]{subsubsection.7.5.1.1}{\376\377\0007\000.\0005\000.\0001\000.\0001\000\040\000m\000s\000g}{subsection.7.5.1}% 295
\BOOKMARK [3][-]{subsubsection.7.5.1.2}{\376\377\0007\000.\0005\000.\0001\000.\0002\000\040\000p\000o\000s\000e}{subsection.7.5.1}% 296
\BOOKMARK [3][-]{subsubsection.7.5.1.3}{\376\377\0007\000.\0005\000.\0001\000.\0003\000\040\000s\000t\000a\000m\000p}{subsection.7.5.1}% 297
\BOOKMARK [1][-]{section.7.6}{\376\377\0007\000.\0006\000\040\000v\000i\000s\000u\000a\000l\000\137\000o\000d\000o\000m\000.\000o\000d\000o\000m\000\137\000b\000u\000f\000f\000e\000r\000.\000O\000d\000o\000m\000B\000u\000f\000f\000e\000r\000\040\000C\000l\000a\000s\000s\000\040\000R\000e\000f\000e\000r\000e\000n\000c\000e}{chapter.7}% 298
\BOOKMARK [2][-]{subsection.7.6.1}{\376\377\0007\000.\0006\000.\0001\000\040\000C\000o\000n\000s\000t\000r\000u\000c\000t\000o\000r\000\040\000\046\000\040\000D\000e\000s\000t\000r\000u\000c\000t\000o\000r\000\040\000D\000o\000c\000u\000m\000e\000n\000t\000a\000t\000i\000o\000n}{section.7.6}% 299
\BOOKMARK [3][-]{subsubsection.7.6.1.1}{\376\377\0007\000.\0006\000.\0001\000.\0001\000\040\000\137\000\137\000i\000n\000i\000t\000\137\000\137\000\050\000\051}{subsection.7.6.1}% 300
\BOOKMARK [2][-]{subsection.7.6.2}{\376\377\0007\000.\0006\000.\0002\000\040\000M\000e\000m\000b\000e\000r\000\040\000F\000u\000n\000c\000t\000i\000o\000n\000\040\000D\000o\000c\000u\000m\000e\000n\000t\000a\000t\000i\000o\000n}{section.7.6}% 301
\BOOKMARK [3][-]{subsubsection.7.6.2.1}{\376\377\0007\000.\0006\000.\0002\000.\0001\000\040\000a\000d\000d\000\137\000o\000d\000o\000m\000\137\000m\000e\000s\000s\000a\000g\000e\000\050\000\051}{subsection.7.6.2}% 302
\BOOKMARK [3][-]{subsubsection.7.6.2.2}{\376\377\0007\000.\0006\000.\0002\000.\0002\000\040\000g\000e\000t\000\137\000i\000n\000t\000e\000r\000p\000o\000l\000a\000t\000e\000d\000\050\000\051}{subsection.7.6.2}% 303
\BOOKMARK [3][-]{subsubsection.7.6.2.3}{\376\377\0007\000.\0006\000.\0002\000.\0003\000\040\000g\000e\000t\000\137\000l\000a\000t\000e\000s\000t\000\050\000\051}{subsection.7.6.2}% 304
\BOOKMARK [2][-]{subsection.7.6.3}{\376\377\0007\000.\0006\000.\0003\000\040\000M\000e\000m\000b\000e\000r\000\040\000D\000a\000t\000a\000\040\000D\000o\000c\000u\000m\000e\000n\000t\000a\000t\000i\000o\000n}{section.7.6}% 305
\BOOKMARK [3][-]{subsubsection.7.6.3.1}{\376\377\0007\000.\0006\000.\0003\000.\0001\000\040\000O\000d\000o\000m\000\137\000B\000u\000f\000f\000e\000r}{subsection.7.6.3}% 306
\BOOKMARK [1][-]{section.7.7}{\376\377\0007\000.\0007\000\040\000v\000i\000s\000u\000a\000l\000\137\000o\000d\000o\000m\000.\000c\000s\000v\000\137\000c\000r\000e\000a\000t\000o\000r\000\137\000n\000o\000d\000e\000.\000O\000d\000o\000m\000I\000m\000u\000C\000s\000v\000W\000r\000i\000t\000e\000r\000\040\000C\000l\000a\000s\000s\000\040\000R\000e\000f\000e\000r\000e\000n\000c\000e}{chapter.7}% 307
\BOOKMARK [2][-]{subsection.7.7.1}{\376\377\0007\000.\0007\000.\0001\000\040\000D\000e\000t\000a\000i\000l\000e\000d\000\040\000D\000e\000s\000c\000r\000i\000p\000t\000i\000o\000n}{section.7.7}% 308
\BOOKMARK [2][-]{subsection.7.7.2}{\376\377\0007\000.\0007\000.\0002\000\040\000C\000o\000n\000s\000t\000r\000u\000c\000t\000o\000r\000\040\000\046\000\040\000D\000e\000s\000t\000r\000u\000c\000t\000o\000r\000\040\000D\000o\000c\000u\000m\000e\000n\000t\000a\000t\000i\000o\000n}{section.7.7}% 309
\BOOKMARK [3][-]{subsubsection.7.7.2.1}{\376\377\0007\000.\0007\000.\0002\000.\0001\000\040\000\137\000\137\000i\000n\000i\000t\000\137\000\137\000\050\000\051}{subsection.7.7.2}% 310
\BOOKMARK [2][-]{subsection.7.7.3}{\376\377\0007\000.\0007\000.\0003\000\040\000M\000e\000m\000b\000e\000r\000\040\000F\000u\000n\000c\000t\000i\000o\000n\000\040\000D\000o\000c\000u\000m\000e\000n\000t\000a\000t\000i\000o\000n}{section.7.7}% 311
\BOOKMARK [3][-]{subsubsection.7.7.3.1}{\376\377\0007\000.\0007\000.\0003\000.\0001\000\040\000d\000e\000s\000t\000r\000o\000y\000\137\000n\000o\000d\000e\000\050\000\051}{subsection.7.7.3}% 312
\BOOKMARK [3][-]{subsubsection.7.7.3.2}{\376\377\0007\000.\0007\000.\0003\000.\0002\000\040\000i\000m\000u\000\137\000c\000a\000l\000l\000b\000a\000c\000k\000\050\000\051}{subsection.7.7.3}% 313
\BOOKMARK [3][-]{subsubsection.7.7.3.3}{\376\377\0007\000.\0007\000.\0003\000.\0003\000\040\000n\000o\000r\000m\000a\000l\000i\000z\000e\000\137\000a\000n\000g\000l\000e\000\050\000\051}{subsection.7.7.3}% 314
\BOOKMARK [3][-]{subsubsection.7.7.3.4}{\376\377\0007\000.\0007\000.\0003\000.\0004\000\040\000o\000d\000o\000m\000\137\000c\000a\000l\000l\000b\000a\000c\000k\000\050\000\051}{subsection.7.7.3}% 315
\BOOKMARK [3][-]{subsubsection.7.7.3.5}{\376\377\0007\000.\0007\000.\0003\000.\0005\000\040\000q\000u\000a\000t\000e\000r\000n\000i\000o\000n\000\137\000t\000o\000\137\000y\000a\000w\000\050\000\051}{subsection.7.7.3}% 316
\BOOKMARK [3][-]{subsubsection.7.7.3.6}{\376\377\0007\000.\0007\000.\0003\000.\0006\000\040\000v\000i\000s\000u\000a\000l\000\137\000o\000d\000o\000m\000\137\000c\000a\000l\000l\000b\000a\000c\000k\000\050\000\051}{subsection.7.7.3}% 317
\BOOKMARK [2][-]{subsection.7.7.4}{\376\377\0007\000.\0007\000.\0004\000\040\000M\000e\000m\000b\000e\000r\000\040\000D\000a\000t\000a\000\040\000D\000o\000c\000u\000m\000e\000n\000t\000a\000t\000i\000o\000n}{section.7.7}% 318
\BOOKMARK [3][-]{subsubsection.7.7.4.1}{\376\377\0007\000.\0007\000.\0004\000.\0001\000\040\000c\000s\000v\000\137\000f\000i\000l\000e}{subsection.7.7.4}% 319
\BOOKMARK [3][-]{subsubsection.7.7.4.2}{\376\377\0007\000.\0007\000.\0004\000.\0002\000\040\000c\000s\000v\000\137\000p\000a\000t\000h}{subsection.7.7.4}% 320
\BOOKMARK [3][-]{subsubsection.7.7.4.3}{\376\377\0007\000.\0007\000.\0004\000.\0003\000\040\000i\000m\000u\000\137\000c\000a\000l\000l\000b\000a\000c\000k}{subsection.7.7.4}% 321
\BOOKMARK [3][-]{subsubsection.7.7.4.4}{\376\377\0007\000.\0007\000.\0004\000.\0004\000\040\000i\000m\000u\000\137\000t\000h\000e\000t\000a}{subsection.7.7.4}% 322
\BOOKMARK [3][-]{subsubsection.7.7.4.5}{\376\377\0007\000.\0007\000.\0004\000.\0005\000\040\000o\000d\000o\000m\000\137\000c\000a\000l\000l\000b\000a\000c\000k}{subsection.7.7.4}% 323
\BOOKMARK [3][-]{subsubsection.7.7.4.6}{\376\377\0007\000.\0007\000.\0004\000.\0006\000\040\000o\000d\000o\000m\000\137\000v\000i\000s\000u\000a\000l\000\137\000t\000h\000e\000t\000a}{subsection.7.7.4}% 324
\BOOKMARK [3][-]{subsubsection.7.7.4.7}{\376\377\0007\000.\0007\000.\0004\000.\0007\000\040\000o\000d\000o\000m\000\137\000v\000i\000s\000u\000a\000l\000\137\000x}{subsection.7.7.4}% 325
\BOOKMARK [3][-]{subsubsection.7.7.4.8}{\376\377\0007\000.\0007\000.\0004\000.\0008\000\040\000o\000d\000o\000m\000\137\000v\000i\000s\000u\000a\000l\000\137\000y}{subsection.7.7.4}% 326
\BOOKMARK [3][-]{subsubsection.7.7.4.9}{\376\377\0007\000.\0007\000.\0004\000.\0009\000\040\000v\000i\000s\000u\000a\000l\000\137\000o\000d\000o\000m\000\137\000c\000a\000l\000l\000b\000a\000c\000k}{subsection.7.7.4}% 327
\BOOKMARK [3][-]{subsubsection.7.7.4.10}{\376\377\0007\000.\0007\000.\0004\000.\0001\0000\000\040\000w\000h\000e\000e\000l\000\137\000x}{subsection.7.7.4}% 328
\BOOKMARK [3][-]{subsubsection.7.7.4.11}{\376\377\0007\000.\0007\000.\0004\000.\0001\0001\000\040\000w\000h\000e\000e\000l\000\137\000y}{subsection.7.7.4}% 329
\BOOKMARK [1][-]{section.7.8}{\376\377\0007\000.\0008\000\040\000v\000i\000s\000u\000a\000l\000\137\000o\000d\000o\000m\000.\000c\000o\000n\000s\000t\000a\000n\000t\000s\000.\000P\000a\000r\000a\000m\000e\000t\000e\000r\000s\000\040\000C\000l\000a\000s\000s\000\040\000R\000e\000f\000e\000r\000e\000n\000c\000e}{chapter.7}% 330
\BOOKMARK [2][-]{subsection.7.8.1}{\376\377\0007\000.\0008\000.\0001\000\040\000D\000e\000t\000a\000i\000l\000e\000d\000\040\000D\000e\000s\000c\000r\000i\000p\000t\000i\000o\000n}{section.7.8}% 331
\BOOKMARK [2][-]{subsection.7.8.2}{\376\377\0007\000.\0008\000.\0002\000\040\000M\000e\000m\000b\000e\000r\000\040\000D\000a\000t\000a\000\040\000D\000o\000c\000u\000m\000e\000n\000t\000a\000t\000i\000o\000n}{section.7.8}% 332
\BOOKMARK [3][-]{subsubsection.7.8.2.1}{\376\377\0007\000.\0008\000.\0002\000.\0001\000\040\000m\000a\000t\000c\000h\000e\000s\000\137\000f\000o\000r\000\137\000n\000e\000w\000\137\000l\000a\000n\000d\000m\000a\000r\000k\000s}{subsection.7.8.2}% 333
\BOOKMARK [3][-]{subsubsection.7.8.2.2}{\376\377\0007\000.\0008\000.\0002\000.\0002\000\040\000m\000a\000x\000\137\000d\000e\000p\000t\000h}{subsection.7.8.2}% 334
\BOOKMARK [3][-]{subsubsection.7.8.2.3}{\376\377\0007\000.\0008\000.\0002\000.\0003\000\040\000m\000a\000x\000\137\000r\000o\000t\000a\000t\000i\000o\000n\000\137\000a\000n\000g\000l\000e\000\137\000d\000e\000g}{subsection.7.8.2}% 335
\BOOKMARK [3][-]{subsubsection.7.8.2.4}{\376\377\0007\000.\0008\000.\0002\000.\0004\000\040\000m\000i\000n\000\137\000l\000a\000n\000d\000m\000a\000r\000k\000\137\000t\000r\000u\000s\000t}{subsection.7.8.2}% 336
\BOOKMARK [3][-]{subsubsection.7.8.2.5}{\376\377\0007\000.\0008\000.\0002\000.\0005\000\040\000m\000i\000n\000\137\000m\000a\000t\000c\000h\000e\000s\000\137\000f\000o\000r\000\137\000r\000a\000n\000s\000a\000c}{subsection.7.8.2}% 337
\BOOKMARK [3][-]{subsubsection.7.8.2.6}{\376\377\0007\000.\0008\000.\0002\000.\0006\000\040\000n\000\137\000r\000o\000b\000o\000t\000\137\000s\000a\000m\000p\000l\000e\000s}{subsection.7.8.2}% 338
\BOOKMARK [3][-]{subsubsection.7.8.2.7}{\376\377\0007\000.\0008\000.\0002\000.\0007\000\040\000p\000i\000x\000e\000l\000\137\000t\000o\000l\000e\000r\000a\000n\000c\000e}{subsection.7.8.2}% 339
\BOOKMARK [3][-]{subsubsection.7.8.2.8}{\376\377\0007\000.\0008\000.\0002\000.\0008\000\040\000r\000a\000n\000s\000a\000c\000\137\000e\000v\000a\000l\000u\000a\000t\000i\000o\000n\000\137\000t\000o\000l\000e\000r\000a\000n\000c\000e}{subsection.7.8.2}% 340
\BOOKMARK [3][-]{subsubsection.7.8.2.9}{\376\377\0007\000.\0008\000.\0002\000.\0009\000\040\000r\000a\000n\000s\000a\000c\000\137\000i\000t\000e\000r\000a\000t\000i\000o\000n}{subsection.7.8.2}% 341
\BOOKMARK [3][-]{subsubsection.7.8.2.10}{\376\377\0007\000.\0008\000.\0002\000.\0001\0000\000\040\000r\000a\000n\000s\000a\000c\000\137\000m\000i\000n\000\137\000i\000n\000l\000i\000e\000r\000\137\000r\000a\000t\000i\000o}{subsection.7.8.2}% 342
\BOOKMARK [3][-]{subsubsection.7.8.2.11}{\376\377\0007\000.\0008\000.\0002\000.\0001\0001\000\040\000r\000a\000n\000s\000a\000c\000\137\000s\000a\000m\000p\000l\000e\000\137\000s\000i\000z\000e}{subsection.7.8.2}% 343
\BOOKMARK [3][-]{subsubsection.7.8.2.12}{\376\377\0007\000.\0008\000.\0002\000.\0001\0002\000\040\000r\000g\000b\000\137\000d\000e\000p\000t\000h\000\137\000s\000y\000n\000c\000\137\000t\000o\000l\000e\000r\000a\000n\000c\000e\000\137\000s\000e\000c}{subsection.7.8.2}% 344
\BOOKMARK [3][-]{subsubsection.7.8.2.13}{\376\377\0007\000.\0008\000.\0002\000.\0001\0003\000\040\000t\000o\000p\000i\000c\000\137\000v\000i\000s\000u\000a\000l\000\137\000o\000d\000o\000m\000e\000t\000r\000y\000\137\000m\000s\000g}{subsection.7.8.2}% 345
\BOOKMARK [1][-]{section.7.9}{\376\377\0007\000.\0009\000\040\000v\000i\000s\000u\000a\000l\000\137\000o\000d\000o\000m\000.\000c\000o\000n\000s\000t\000a\000n\000t\000s\000.\000P\000i\000x\000e\000l\000C\000o\000o\000r\000d\000i\000n\000a\000t\000e\000\040\000C\000l\000a\000s\000s\000\040\000R\000e\000f\000e\000r\000e\000n\000c\000e}{chapter.7}% 346
\BOOKMARK [2][-]{subsection.7.9.1}{\376\377\0007\000.\0009\000.\0001\000\040\000D\000e\000t\000a\000i\000l\000e\000d\000\040\000D\000e\000s\000c\000r\000i\000p\000t\000i\000o\000n}{section.7.9}% 347
\BOOKMARK [2][-]{subsection.7.9.2}{\376\377\0007\000.\0009\000.\0002\000\040\000M\000e\000m\000b\000e\000r\000\040\000D\000a\000t\000a\000\040\000D\000o\000c\000u\000m\000e\000n\000t\000a\000t\000i\000o\000n}{section.7.9}% 348
\BOOKMARK [3][-]{subsubsection.7.9.2.1}{\376\377\0007\000.\0009\000.\0002\000.\0001\000\040\000u}{subsection.7.9.2}% 349
\BOOKMARK [3][-]{subsubsection.7.9.2.2}{\376\377\0007\000.\0009\000.\0002\000.\0002\000\040\000v}{subsection.7.9.2}% 350
\BOOKMARK [3][-]{subsubsection.7.9.2.3}{\376\377\0007\000.\0009\000.\0002\000.\0003\000\040\000z}{subsection.7.9.2}% 351
\BOOKMARK [1][-]{section.7.10}{\376\377\0007\000.\0001\0000\000\040\000v\000i\000s\000u\000a\000l\000\137\000o\000d\000o\000m\000.\000c\000o\000n\000s\000t\000a\000n\000t\000s\000.\000S\000t\000a\000t\000e\000\040\000C\000l\000a\000s\000s\000\040\000R\000e\000f\000e\000r\000e\000n\000c\000e}{chapter.7}% 352
\BOOKMARK [2][-]{subsection.7.10.1}{\376\377\0007\000.\0001\0000\000.\0001\000\040\000D\000e\000t\000a\000i\000l\000e\000d\000\040\000D\000e\000s\000c\000r\000i\000p\000t\000i\000o\000n}{section.7.10}% 353
\BOOKMARK [2][-]{subsection.7.10.2}{\376\377\0007\000.\0001\0000\000.\0002\000\040\000M\000e\000m\000b\000e\000r\000\040\000F\000u\000n\000c\000t\000i\000o\000n\000\040\000D\000o\000c\000u\000m\000e\000n\000t\000a\000t\000i\000o\000n}{section.7.10}% 354
\BOOKMARK [3][-]{subsubsection.7.10.2.1}{\376\377\0007\000.\0001\0000\000.\0002\000.\0001\000\040\000\137\000\137\000a\000d\000d\000\137\000\137\000\050\000\051}{subsection.7.10.2}% 355
\BOOKMARK [3][-]{subsubsection.7.10.2.2}{\376\377\0007\000.\0001\0000\000.\0002\000.\0002\000\040\000\137\000\137\000m\000u\000l\000\137\000\137\000\050\000\051}{subsection.7.10.2}% 356
\BOOKMARK [3][-]{subsubsection.7.10.2.3}{\376\377\0007\000.\0001\0000\000.\0002\000.\0003\000\040\000\137\000\137\000s\000u\000b\000\137\000\137\000\050\000\051}{subsection.7.10.2}% 357
\BOOKMARK [3][-]{subsubsection.7.10.2.4}{\376\377\0007\000.\0001\0000\000.\0002\000.\0004\000\040\000\137\000\137\000t\000r\000u\000e\000d\000i\000v\000\137\000\137\000\050\000\051}{subsection.7.10.2}% 358
\BOOKMARK [2][-]{subsection.7.10.3}{\376\377\0007\000.\0001\0000\000.\0003\000\040\000M\000e\000m\000b\000e\000r\000\040\000D\000a\000t\000a\000\040\000D\000o\000c\000u\000m\000e\000n\000t\000a\000t\000i\000o\000n}{section.7.10}% 359
\BOOKMARK [3][-]{subsubsection.7.10.3.1}{\376\377\0007\000.\0001\0000\000.\0003\000.\0001\000\040\000t\000h\000e\000t\000a}{subsection.7.10.3}% 360
\BOOKMARK [3][-]{subsubsection.7.10.3.2}{\376\377\0007\000.\0001\0000\000.\0003\000.\0002\000\040\000x}{subsection.7.10.3}% 361
\BOOKMARK [3][-]{subsubsection.7.10.3.3}{\376\377\0007\000.\0001\0000\000.\0003\000.\0003\000\040\000y}{subsection.7.10.3}% 362
\BOOKMARK [1][-]{section.7.11}{\376\377\0007\000.\0001\0001\000\040\000v\000i\000s\000u\000a\000l\000\137\000o\000d\000o\000m\000.\000v\000i\000s\000u\000a\000l\000\137\000o\000d\000o\000m\000\137\000n\000o\000d\000e\000.\000V\000i\000s\000u\000a\000l\000O\000d\000o\000m\000\040\000C\000l\000a\000s\000s\000\040\000R\000e\000f\000e\000r\000e\000n\000c\000e}{chapter.7}% 363
\BOOKMARK [2][-]{subsection.7.11.1}{\376\377\0007\000.\0001\0001\000.\0001\000\040\000D\000e\000t\000a\000i\000l\000e\000d\000\040\000D\000e\000s\000c\000r\000i\000p\000t\000i\000o\000n}{section.7.11}% 364
\BOOKMARK [2][-]{subsection.7.11.2}{\376\377\0007\000.\0001\0001\000.\0002\000\040\000C\000o\000n\000s\000t\000r\000u\000c\000t\000o\000r\000\040\000\046\000\040\000D\000e\000s\000t\000r\000u\000c\000t\000o\000r\000\040\000D\000o\000c\000u\000m\000e\000n\000t\000a\000t\000i\000o\000n}{section.7.11}% 365
\BOOKMARK [3][-]{subsubsection.7.11.2.1}{\376\377\0007\000.\0001\0001\000.\0002\000.\0001\000\040\000\137\000\137\000i\000n\000i\000t\000\137\000\137\000\050\000\051}{subsection.7.11.2}% 366
\BOOKMARK [2][-]{subsection.7.11.3}{\376\377\0007\000.\0001\0001\000.\0003\000\040\000M\000e\000m\000b\000e\000r\000\040\000F\000u\000n\000c\000t\000i\000o\000n\000\040\000D\000o\000c\000u\000m\000e\000n\000t\000a\000t\000i\000o\000n}{section.7.11}% 367
\BOOKMARK [3][-]{subsubsection.7.11.3.1}{\376\377\0007\000.\0001\0001\000.\0003\000.\0001\000\040\000\137\000s\000t\000a\000m\000p\000\137\000t\000o\000\137\000s\000e\000c\000\050\000\051}{subsection.7.11.3}% 368
\BOOKMARK [3][-]{subsubsection.7.11.3.2}{\376\377\0007\000.\0001\0001\000.\0003\000.\0002\000\040\000i\000m\000g\000\137\000t\000o\000\137\000k\000p\000\137\000d\000e\000s\000\137\000f\000i\000l\000t\000e\000r\000e\000d\000\050\000\051}{subsection.7.11.3}% 369
\BOOKMARK [3][-]{subsubsection.7.11.3.3}{\376\377\0007\000.\0001\0001\000.\0003\000.\0003\000\040\000i\000t\000e\000r\000a\000t\000i\000o\000n\000\050\000\051}{subsection.7.11.3}% 370
\BOOKMARK [3][-]{subsubsection.7.11.3.4}{\376\377\0007\000.\0001\0001\000.\0003\000.\0004\000\040\000l\000i\000s\000t\000e\000n\000e\000r\000\137\000d\000e\000p\000t\000h\000\137\000c\000a\000l\000l\000b\000a\000c\000k\000\050\000\051}{subsection.7.11.3}% 371
\BOOKMARK [3][-]{subsubsection.7.11.3.5}{\376\377\0007\000.\0001\0001\000.\0003\000.\0005\000\040\000l\000i\000s\000t\000e\000n\000e\000r\000\137\000r\000g\000b\000\137\000c\000a\000l\000l\000b\000a\000c\000k\000\050\000\051}{subsection.7.11.3}% 372
\BOOKMARK [3][-]{subsubsection.7.11.3.6}{\376\377\0007\000.\0001\0001\000.\0003\000.\0006\000\040\000l\000i\000s\000t\000e\000n\000e\000r\000\137\000w\000h\000e\000e\000l\000\137\000o\000d\000o\000m\000\137\000c\000a\000l\000l\000b\000a\000c\000k\000\050\000\051}{subsection.7.11.3}% 373
\BOOKMARK [3][-]{subsubsection.7.11.3.7}{\376\377\0007\000.\0001\0001\000.\0003\000.\0007\000\040\000p\000a\000r\000a\000m\000e\000t\000e\000r\000\137\000c\000a\000l\000l\000b\000a\000c\000k\000\050\000\051}{subsection.7.11.3}% 374
\BOOKMARK [3][-]{subsubsection.7.11.3.8}{\376\377\0007\000.\0001\0001\000.\0003\000.\0008\000\040\000p\000a\000r\000a\000m\000e\000t\000e\000r\000\137\000i\000n\000i\000t\000i\000a\000l\000i\000z\000a\000t\000i\000o\000n\000\050\000\051}{subsection.7.11.3}% 375
\BOOKMARK [3][-]{subsubsection.7.11.3.9}{\376\377\0007\000.\0001\0001\000.\0003\000.\0009\000\040\000p\000o\000s\000s\000i\000b\000l\000e\000\137\000r\000e\000s\000a\000m\000p\000l\000e\000\050\000\051}{subsection.7.11.3}% 376
\BOOKMARK [3][-]{subsubsection.7.11.3.10}{\376\377\0007\000.\0001\0001\000.\0003\000.\0001\0000\000\040\000r\000a\000n\000s\000a\000c\000\137\000c\000a\000l\000c\000u\000l\000a\000t\000i\000o\000n\000\050\000\051}{subsection.7.11.3}% 377
\BOOKMARK [3][-]{subsubsection.7.11.3.11}{\376\377\0007\000.\0001\0001\000.\0003\000.\0001\0001\000\040\000r\000a\000n\000s\000a\000c\000\137\000f\000r\000a\000m\000e\000\137\000t\000o\000\137\000f\000r\000a\000m\000e\000\050\000\051}{subsection.7.11.3}% 378
\BOOKMARK [3][-]{subsubsection.7.11.3.12}{\376\377\0007\000.\0001\0001\000.\0003\000.\0001\0002\000\040\000r\000a\000n\000s\000a\000c\000\137\000f\000r\000a\000m\000e\000\137\000t\000o\000\137\000m\000a\000p\000\050\000\051}{subsection.7.11.3}% 379
\BOOKMARK [2][-]{subsection.7.11.4}{\376\377\0007\000.\0001\0001\000.\0004\000\040\000M\000e\000m\000b\000e\000r\000\040\000D\000a\000t\000a\000\040\000D\000o\000c\000u\000m\000e\000n\000t\000a\000t\000i\000o\000n}{section.7.11}% 380
\BOOKMARK [3][-]{subsubsection.7.11.4.1}{\376\377\0007\000.\0001\0001\000.\0004\000.\0001\000\040\000b\000e\000s\000t\000\137\000r\000o\000b\000o\000t}{subsection.7.11.4}% 381
\BOOKMARK [3][-]{subsubsection.7.11.4.2}{\376\377\0007\000.\0001\0001\000.\0004\000.\0002\000\040\000b\000e\000s\000t\000\137\000r\000o\000b\000o\000t\000\137\000i\000d\000x}{subsection.7.11.4}% 382
\BOOKMARK [3][-]{subsubsection.7.11.4.3}{\376\377\0007\000.\0001\0001\000.\0004\000.\0003\000\040\000b\000e\000s\000t\000\137\000w\000e\000i\000g\000h\000t}{subsection.7.11.4}% 383
\BOOKMARK [3][-]{subsubsection.7.11.4.4}{\376\377\0007\000.\0001\0001\000.\0004\000.\0004\000\040\000b\000f}{subsection.7.11.4}% 384
\BOOKMARK [3][-]{subsubsection.7.11.4.5}{\376\377\0007\000.\0001\0001\000.\0004\000.\0005\000\040\000b\000r\000i\000d\000g\000e}{subsection.7.11.4}% 385
\BOOKMARK [3][-]{subsubsection.7.11.4.6}{\376\377\0007\000.\0001\0001\000.\0004\000.\0006\000\040\000c\000o\000v\000a\000r\000i\000a\000n\000c\000e\000\137\000P}{subsection.7.11.4}% 386
\BOOKMARK [3][-]{subsubsection.7.11.4.7}{\376\377\0007\000.\0001\0001\000.\0004\000.\0007\000\040\000f\000i\000r\000s\000t\000\137\000d\000e\000s}{subsection.7.11.4}% 387
\BOOKMARK [3][-]{subsubsection.7.11.4.8}{\376\377\0007\000.\0001\0001\000.\0004\000.\0008\000\040\000f\000i\000r\000s\000t\000\137\000f\000r\000a\000m\000e\000\137\000s\000t\000a\000m\000p}{subsection.7.11.4}% 388
\BOOKMARK [3][-]{subsubsection.7.11.4.9}{\376\377\0007\000.\0001\0001\000.\0004\000.\0009\000\040\000f\000i\000r\000s\000t\000\137\000i\000t\000e\000r\000a\000t\000i\000o\000n}{subsection.7.11.4}% 389
\BOOKMARK [3][-]{subsubsection.7.11.4.10}{\376\377\0007\000.\0001\0001\000.\0004\000.\0001\0000\000\040\000f\000i\000r\000s\000t\000\137\000k\000p}{subsection.7.11.4}% 390
\BOOKMARK [3][-]{subsubsection.7.11.4.11}{\376\377\0007\000.\0001\0001\000.\0004\000.\0001\0001\000\040\000f\000i\000r\000s\000t\000\137\000k\000p\000\137\000d\000e\000p\000t\000h}{subsection.7.11.4}% 391
\BOOKMARK [3][-]{subsubsection.7.11.4.12}{\376\377\0007\000.\0001\0001\000.\0004\000.\0001\0002\000\040\000f\000i\000r\000s\000t\000\137\000p\000o\000s}{subsection.7.11.4}% 392
\BOOKMARK [3][-]{subsubsection.7.11.4.13}{\376\377\0007\000.\0001\0001\000.\0004\000.\0001\0003\000\040\000f\000i\000r\000s\000t\000\137\000t\000h\000e\000t\000a}{subsection.7.11.4}% 393
\BOOKMARK [3][-]{subsubsection.7.11.4.14}{\376\377\0007\000.\0001\0001\000.\0004\000.\0001\0004\000\040\000f\000r\000a\000m\000e\000\137\000d\000e\000p\000t\000h}{subsection.7.11.4}% 394
\BOOKMARK [3][-]{subsubsection.7.11.4.15}{\376\377\0007\000.\0001\0001\000.\0004\000.\0001\0005\000\040\000f\000r\000a\000m\000e\000\137\000d\000e\000p\000t\000h\000\137\000s\000t\000a\000m\000p}{subsection.7.11.4}% 395
\BOOKMARK [3][-]{subsubsection.7.11.4.16}{\376\377\0007\000.\0001\0001\000.\0004\000.\0001\0006\000\040\000f\000r\000a\000m\000e\000\137\000r\000g\000b}{subsection.7.11.4}% 396
\BOOKMARK [3][-]{subsubsection.7.11.4.17}{\376\377\0007\000.\0001\0001\000.\0004\000.\0001\0007\000\040\000f\000r\000a\000m\000e\000\137\000s\000t\000a\000m\000p}{subsection.7.11.4}% 397
\BOOKMARK [3][-]{subsubsection.7.11.4.18}{\376\377\0007\000.\0001\0001\000.\0004\000.\0001\0008\000\040\000o\000r\000b}{subsection.7.11.4}% 398
\BOOKMARK [3][-]{subsubsection.7.11.4.19}{\376\377\0007\000.\0001\0001\000.\0004\000.\0001\0009\000\040\000p\000a\000r\000a\000m\000e\000t\000e\000r\000\137\000c\000a\000l\000l\000b\000a\000c\000k}{subsection.7.11.4}% 399
\BOOKMARK [3][-]{subsubsection.7.11.4.20}{\376\377\0007\000.\0001\0001\000.\0004\000.\0002\0000\000\040\000p\000o\000s\000\137\000b\000a\000s\000e\000l\000i\000n\000k}{subsection.7.11.4}% 400
\BOOKMARK [3][-]{subsubsection.7.11.4.21}{\376\377\0007\000.\0001\0001\000.\0004\000.\0002\0001\000\040\000p\000o\000s\000i\000t\000i\000o\000n\000\137\000i\000n\000i\000t\000i\000a\000l\000i\000z\000e\000d}{subsection.7.11.4}% 401
\BOOKMARK [3][-]{subsubsection.7.11.4.22}{\376\377\0007\000.\0001\0001\000.\0004\000.\0002\0002\000\040\000p\000u\000b\000l\000i\000s\000h\000e\000r\000\137\000a\000c\000c\000u\000m\000u\000l\000a\000t\000e\000d\000\137\000p\000i\000x\000e\000l\000s}{subsection.7.11.4}% 402
\BOOKMARK [3][-]{subsubsection.7.11.4.23}{\376\377\0007\000.\0001\0001\000.\0004\000.\0002\0003\000\040\000p\000u\000b\000l\000i\000s\000h\000e\000r\000\137\000c\000o\000n\000e}{subsection.7.11.4}% 403
\BOOKMARK [3][-]{subsubsection.7.11.4.24}{\376\377\0007\000.\0001\0001\000.\0004\000.\0002\0004\000\040\000p\000u\000b\000l\000i\000s\000h\000e\000r\000\137\000i\000m\000a\000g\000e}{subsection.7.11.4}% 404
\BOOKMARK [3][-]{subsubsection.7.11.4.25}{\376\377\0007\000.\0001\0001\000.\0004\000.\0002\0005\000\040\000p\000u\000b\000l\000i\000s\000h\000e\000r\000\137\000k\000e\000y\000p\000o\000i\000n\000t\000s\000\137\0003\000d}{subsection.7.11.4}% 405
\BOOKMARK [3][-]{subsubsection.7.11.4.26}{\376\377\0007\000.\0001\0001\000.\0004\000.\0002\0006\000\040\000p\000u\000b\000l\000i\000s\000h\000e\000r\000\137\000v\000i\000s\000u\000a\000l\000\137\000o\000d\000o\000m\000e\000t\000r\000y\000\137\000m\000s\000g}{subsection.7.11.4}% 406
\BOOKMARK [3][-]{subsubsection.7.11.4.27}{\376\377\0007\000.\0001\0001\000.\0004\000.\0002\0007\000\040\000r\000o\000b\000o\000t\000s}{subsection.7.11.4}% 407
\BOOKMARK [3][-]{subsubsection.7.11.4.28}{\376\377\0007\000.\0001\0001\000.\0004\000.\0002\0008\000\040\000s\000u\000b\000s\000c\000r\000i\000p\000t\000i\000o\000n\000\137\000d\000e\000p\000t\000h}{subsection.7.11.4}% 408
\BOOKMARK [3][-]{subsubsection.7.11.4.29}{\376\377\0007\000.\0001\0001\000.\0004\000.\0002\0009\000\040\000s\000u\000b\000s\000c\000r\000i\000p\000t\000i\000o\000n\000\137\000r\000g\000b}{subsection.7.11.4}% 409
\BOOKMARK [3][-]{subsubsection.7.11.4.30}{\376\377\0007\000.\0001\0001\000.\0004\000.\0003\0000\000\040\000s\000u\000b\000s\000c\000r\000i\000p\000t\000i\000o\000n\000\137\000w\000h\000e\000e\000l\000\137\000o\000d\000o\000m}{subsection.7.11.4}% 410
\BOOKMARK [3][-]{subsubsection.7.11.4.31}{\376\377\0007\000.\0001\0001\000.\0004\000.\0003\0001\000\040\000t\000f\000\137\000b\000r\000o\000a\000d\000c\000a\000s\000t\000e\000r}{subsection.7.11.4}% 411
\BOOKMARK [3][-]{subsubsection.7.11.4.32}{\376\377\0007\000.\0001\0001\000.\0004\000.\0003\0002\000\040\000t\000f\000\137\000b\000u\000f\000f\000e\000r}{subsection.7.11.4}% 412
\BOOKMARK [3][-]{subsubsection.7.11.4.33}{\376\377\0007\000.\0001\0001\000.\0004\000.\0003\0003\000\040\000t\000f\000\137\000l\000i\000s\000t\000e\000n\000e\000r}{subsection.7.11.4}% 413
\BOOKMARK [3][-]{subsubsection.7.11.4.34}{\376\377\0007\000.\0001\0001\000.\0004\000.\0003\0004\000\040\000t\000h\000e\000t\000a}{subsection.7.11.4}% 414
\BOOKMARK [3][-]{subsubsection.7.11.4.35}{\376\377\0007\000.\0001\0001\000.\0004\000.\0003\0005\000\040\000t\000o\000t\000a\000l\000\137\000p\000u\000b\000l\000i\000s\000h\000e\000r}{subsection.7.11.4}% 415
\BOOKMARK [3][-]{subsubsection.7.11.4.36}{\376\377\0007\000.\0001\0001\000.\0004\000.\0003\0006\000\040\000v\000a\000l\000i\000d\000\137\000d\000e\000s}{subsection.7.11.4}% 416
\BOOKMARK [3][-]{subsubsection.7.11.4.37}{\376\377\0007\000.\0001\0001\000.\0004\000.\0003\0007\000\040\000v\000a\000l\000i\000d\000\137\000d\000e\000s\000\137\000l\000a\000s\000t}{subsection.7.11.4}% 417
\BOOKMARK [3][-]{subsubsection.7.11.4.38}{\376\377\0007\000.\0001\0001\000.\0004\000.\0003\0008\000\040\000v\000a\000l\000i\000d\000\137\000k\000p}{subsection.7.11.4}% 418
\BOOKMARK [3][-]{subsubsection.7.11.4.39}{\376\377\0007\000.\0001\0001\000.\0004\000.\0003\0009\000\040\000v\000a\000l\000i\000d\000\137\000k\000p\000\137\000d\000e\000p\000t\000h}{subsection.7.11.4}% 419
\BOOKMARK [3][-]{subsubsection.7.11.4.40}{\376\377\0007\000.\0001\0001\000.\0004\000.\0004\0000\000\040\000v\000a\000l\000i\000d\000\137\000k\000p\000\137\000d\000e\000p\000t\000h\000\137\000l\000a\000s\000t}{subsection.7.11.4}% 420
\BOOKMARK [3][-]{subsubsection.7.11.4.41}{\376\377\0007\000.\0001\0001\000.\0004\000.\0004\0001\000\040\000v\000a\000l\000i\000d\000\137\000k\000p\000\137\000l\000a\000s\000t}{subsection.7.11.4}% 421
\BOOKMARK [3][-]{subsubsection.7.11.4.42}{\376\377\0007\000.\0001\0001\000.\0004\000.\0004\0002\000\040\000v\000i\000s\000i\000b\000l\000e\000\137\000l\000a\000n\000d\000m\000a\000r\000k\000s}{subsection.7.11.4}% 422
\BOOKMARK [3][-]{subsubsection.7.11.4.43}{\376\377\0007\000.\0001\0001\000.\0004\000.\0004\0003\000\040\000v\000i\000s\000u\000a\000l\000\137\000o\000d\000o\000m\000\137\000p\000a\000t\000h}{subsection.7.11.4}% 423
\BOOKMARK [1][-]{section.7.12}{\376\377\0007\000.\0001\0002\000\040\000v\000i\000s\000u\000a\000l\000\137\000o\000d\000o\000m\000.\000v\000i\000s\000u\000a\000l\000\137\000o\000d\000o\000m\000\137\000m\000a\000p\000.\000V\000i\000s\000u\000a\000l\000O\000d\000o\000m\000M\000a\000p\000\040\000C\000l\000a\000s\000s\000\040\000R\000e\000f\000e\000r\000e\000n\000c\000e}{chapter.7}% 424
\BOOKMARK [2][-]{subsection.7.12.1}{\376\377\0007\000.\0001\0002\000.\0001\000\040\000D\000e\000t\000a\000i\000l\000e\000d\000\040\000D\000e\000s\000c\000r\000i\000p\000t\000i\000o\000n}{section.7.12}% 425
\BOOKMARK [2][-]{subsection.7.12.2}{\376\377\0007\000.\0001\0002\000.\0002\000\040\000C\000o\000n\000s\000t\000r\000u\000c\000t\000o\000r\000\040\000\046\000\040\000D\000e\000s\000t\000r\000u\000c\000t\000o\000r\000\040\000D\000o\000c\000u\000m\000e\000n\000t\000a\000t\000i\000o\000n}{section.7.12}% 426
\BOOKMARK [3][-]{subsubsection.7.12.2.1}{\376\377\0007\000.\0001\0002\000.\0002\000.\0001\000\040\000\137\000\137\000i\000n\000i\000t\000\137\000\137\000\050\000\051}{subsection.7.12.2}% 427
\BOOKMARK [2][-]{subsection.7.12.3}{\376\377\0007\000.\0001\0002\000.\0003\000\040\000M\000e\000m\000b\000e\000r\000\040\000F\000u\000n\000c\000t\000i\000o\000n\000\040\000D\000o\000c\000u\000m\000e\000n\000t\000a\000t\000i\000o\000n}{section.7.12}% 428
\BOOKMARK [3][-]{subsubsection.7.12.3.1}{\376\377\0007\000.\0001\0002\000.\0003\000.\0001\000\040\000a\000d\000d\000\137\000l\000a\000n\000d\000m\000a\000r\000k\000\050\000\051}{subsection.7.12.3}% 429
\BOOKMARK [3][-]{subsubsection.7.12.3.2}{\376\377\0007\000.\0001\0002\000.\0003\000.\0002\000\040\000a\000d\000d\000\137\000l\000a\000n\000d\000m\000a\000r\000k\000s\000\137\000f\000r\000o\000m\000\137\000k\000p\000s\000\050\000\051}{subsection.7.12.3}% 430
\BOOKMARK [3][-]{subsubsection.7.12.3.3}{\376\377\0007\000.\0001\0002\000.\0003\000.\0003\000\040\000c\000a\000l\000c\000u\000l\000a\000t\000e\000\137\000l\000o\000g\000\137\000w\000e\000i\000g\000h\000t\000\050\000\051}{subsection.7.12.3}% 431
\BOOKMARK [3][-]{subsubsection.7.12.3.4}{\376\377\0007\000.\0001\0002\000.\0003\000.\0004\000\040\000c\000l\000e\000a\000n\000u\000p\000\137\000o\000l\000d\000\137\000l\000a\000n\000d\000m\000a\000r\000k\000s\000\050\000\051}{subsection.7.12.3}% 432
\BOOKMARK [3][-]{subsubsection.7.12.3.5}{\376\377\0007\000.\0001\0002\000.\0003\000.\0005\000\040\000g\000e\000t\000\137\000a\000l\000l\000\137\000l\000a\000n\000d\000m\000a\000r\000k\000s\000\050\000\051}{subsection.7.12.3}% 433
\BOOKMARK [3][-]{subsubsection.7.12.3.6}{\376\377\0007\000.\0001\0002\000.\0003\000.\0006\000\040\000g\000e\000t\000\137\000c\000o\000l\000o\000r\000s\000\050\000\051}{subsection.7.12.3}% 434
\BOOKMARK [3][-]{subsubsection.7.12.3.7}{\376\377\0007\000.\0001\0002\000.\0003\000.\0007\000\040\000g\000e\000t\000\137\000d\000e\000p\000t\000h\000\050\000\051}{subsection.7.12.3}% 435
\BOOKMARK [3][-]{subsubsection.7.12.3.8}{\376\377\0007\000.\0001\0002\000.\0003\000.\0008\000\040\000g\000e\000t\000\137\000d\000e\000s\000c\000r\000i\000p\000t\000o\000r\000s\000\050\000\051}{subsection.7.12.3}% 436
\BOOKMARK [3][-]{subsubsection.7.12.3.9}{\376\377\0007\000.\0001\0002\000.\0003\000.\0009\000\040\000g\000e\000t\000\137\000k\000i\000n\000e\000c\000t\000\137\000c\000o\000o\000r\000d\000i\000n\000a\000t\000e\000s\000\050\000\051}{subsection.7.12.3}% 437
\BOOKMARK [3][-]{subsubsection.7.12.3.10}{\376\377\0007\000.\0001\0002\000.\0003\000.\0001\0000\000\040\000g\000e\000t\000\137\000l\000a\000n\000d\000m\000a\000r\000k\000\050\000\051}{subsection.7.12.3}% 438
\BOOKMARK [3][-]{subsubsection.7.12.3.11}{\376\377\0007\000.\0001\0002\000.\0003\000.\0001\0001\000\040\000g\000e\000t\000\137\000o\000d\000o\000m\000\137\000c\000o\000o\000r\000d\000i\000n\000a\000t\000e\000s\000\050\000\051}{subsection.7.12.3}% 439
\BOOKMARK [3][-]{subsubsection.7.12.3.12}{\376\377\0007\000.\0001\0002\000.\0003\000.\0001\0002\000\040\000g\000e\000t\000\137\000s\000i\000z\000e\000\050\000\051}{subsection.7.12.3}% 440
\BOOKMARK [3][-]{subsubsection.7.12.3.13}{\376\377\0007\000.\0001\0002\000.\0003\000.\0001\0003\000\040\000g\000e\000t\000\137\000u\000\137\000c\000o\000o\000r\000d\000i\000n\000a\000t\000e\000s\000\050\000\051}{subsection.7.12.3}% 441
\BOOKMARK [3][-]{subsubsection.7.12.3.14}{\376\377\0007\000.\0001\0002\000.\0003\000.\0001\0004\000\040\000g\000e\000t\000\137\000v\000\137\000c\000o\000o\000r\000d\000i\000n\000a\000t\000e\000s\000\050\000\051}{subsection.7.12.3}% 442
\BOOKMARK [3][-]{subsubsection.7.12.3.15}{\376\377\0007\000.\0001\0002\000.\0003\000.\0001\0005\000\040\000g\000e\000t\000\137\000v\000i\000s\000i\000b\000l\000e\000\137\000l\000a\000n\000d\000m\000a\000r\000k\000s\000\050\000\051}{subsection.7.12.3}% 443
\BOOKMARK [3][-]{subsubsection.7.12.3.16}{\376\377\0007\000.\0001\0002\000.\0003\000.\0001\0006\000\040\000l\000a\000n\000d\000m\000a\000r\000k\000\137\000k\000a\000l\000m\000a\000n\000\137\000i\000t\000e\000r\000a\000t\000i\000o\000n\000\050\000\051}{subsection.7.12.3}% 444
\BOOKMARK [3][-]{subsubsection.7.12.3.17}{\376\377\0007\000.\0001\0002\000.\0003\000.\0001\0007\000\040\000p\000u\000b\000l\000i\000s\000h\000\137\000p\000o\000i\000n\000t\000c\000l\000o\000u\000d\000\137\000m\000a\000p\000\050\000\051}{subsection.7.12.3}% 445
\BOOKMARK [2][-]{subsection.7.12.4}{\376\377\0007\000.\0001\0002\000.\0004\000\040\000M\000e\000m\000b\000e\000r\000\040\000D\000a\000t\000a\000\040\000D\000o\000c\000u\000m\000e\000n\000t\000a\000t\000i\000o\000n}{section.7.12}% 446
\BOOKMARK [3][-]{subsubsection.7.12.4.1}{\376\377\0007\000.\0001\0002\000.\0004\000.\0001\000\040\000d\000e\000s\000c\000r\000i\000p\000t\000o\000r\000s}{subsection.7.12.4}% 447
\BOOKMARK [1][-]{section.7.13}{\376\377\0007\000.\0001\0003\000\040\000v\000i\000s\000u\000a\000l\000\137\000o\000d\000o\000m\000.\000r\000o\000b\000o\000t\000.\000V\000i\000s\000u\000a\000l\000R\000o\000b\000o\000t\000S\000a\000m\000p\000l\000e\000\040\000C\000l\000a\000s\000s\000\040\000R\000e\000f\000e\000r\000e\000n\000c\000e}{chapter.7}% 448
\BOOKMARK [2][-]{subsection.7.13.1}{\376\377\0007\000.\0001\0003\000.\0001\000\040\000C\000o\000n\000s\000t\000r\000u\000c\000t\000o\000r\000\040\000\046\000\040\000D\000e\000s\000t\000r\000u\000c\000t\000o\000r\000\040\000D\000o\000c\000u\000m\000e\000n\000t\000a\000t\000i\000o\000n}{section.7.13}% 449
\BOOKMARK [3][-]{subsubsection.7.13.1.1}{\376\377\0007\000.\0001\0003\000.\0001\000.\0001\000\040\000\137\000\137\000i\000n\000i\000t\000\137\000\137\000\050\000\051}{subsection.7.13.1}% 450
\BOOKMARK [2][-]{subsection.7.13.2}{\376\377\0007\000.\0001\0003\000.\0002\000\040\000M\000e\000m\000b\000e\000r\000\040\000F\000u\000n\000c\000t\000i\000o\000n\000\040\000D\000o\000c\000u\000m\000e\000n\000t\000a\000t\000i\000o\000n}{section.7.13}% 451
\BOOKMARK [3][-]{subsubsection.7.13.2.1}{\376\377\0007\000.\0001\0003\000.\0002\000.\0001\000\040\000a\000c\000c\000u\000m\000u\000l\000a\000t\000e\000\137\000p\000i\000x\000e\000l\000s\000\050\000\051}{subsection.7.13.2}% 452
\BOOKMARK [3][-]{subsubsection.7.13.2.2}{\376\377\0007\000.\0001\0003\000.\0002\000.\0002\000\040\000g\000e\000t\000\137\000c\000o\000v\000a\000r\000i\000a\000n\000c\000e\000\137\000P\000\050\000\051}{subsection.7.13.2}% 453
\BOOKMARK [3][-]{subsubsection.7.13.2.3}{\376\377\0007\000.\0001\0003\000.\0002\000.\0003\000\040\000g\000e\000t\000\137\000d\000r\000a\000w\000n\000\137\000k\000e\000y\000p\000o\000i\000n\000t\000s\000\050\000\051}{subsection.7.13.2}% 454
\BOOKMARK [3][-]{subsubsection.7.13.2.4}{\376\377\0007\000.\0001\0003\000.\0002\000.\0004\000\040\000g\000e\000t\000\137\000l\000o\000g\000\137\000w\000e\000i\000g\000h\000t\000\050\000\051}{subsection.7.13.2}% 455
\BOOKMARK [3][-]{subsubsection.7.13.2.5}{\376\377\0007\000.\0001\0003\000.\0002\000.\0005\000\040\000g\000e\000t\000\137\000p\000o\000s\000i\000t\000i\000o\000n\000\050\000\051}{subsection.7.13.2}% 456
\BOOKMARK [3][-]{subsubsection.7.13.2.6}{\376\377\0007\000.\0001\0003\000.\0002\000.\0006\000\040\000g\000e\000t\000\137\000t\000h\000e\000t\000a\000\050\000\051}{subsection.7.13.2}% 457
\BOOKMARK [3][-]{subsubsection.7.13.2.7}{\376\377\0007\000.\0001\0003\000.\0002\000.\0007\000\040\000g\000e\000t\000\137\000w\000e\000i\000g\000h\000t\000\050\000\051}{subsection.7.13.2}% 458
\BOOKMARK [3][-]{subsubsection.7.13.2.8}{\376\377\0007\000.\0001\0003\000.\0002\000.\0008\000\040\000i\000n\000i\000t\000\137\000c\000a\000m\000e\000r\000a\000\137\000c\000o\000n\000e\000\050\000\051}{subsection.7.13.2}% 459
\BOOKMARK [3][-]{subsubsection.7.13.2.9}{\376\377\0007\000.\0001\0003\000.\0002\000.\0009\000\040\000p\000r\000e\000d\000i\000c\000t\000\137\000w\000i\000t\000h\000\137\000w\000h\000e\000e\000l\000\137\000o\000d\000o\000m\000\050\000\051}{subsection.7.13.2}% 460
\BOOKMARK [3][-]{subsubsection.7.13.2.10}{\376\377\0007\000.\0001\0003\000.\0002\000.\0001\0000\000\040\000p\000u\000b\000l\000i\000s\000h\000\137\000a\000c\000c\000u\000m\000u\000l\000a\000t\000e\000d\000\137\000p\000i\000x\000e\000l\000s\000\050\000\051}{subsection.7.13.2}% 461
\BOOKMARK [3][-]{subsubsection.7.13.2.11}{\376\377\0007\000.\0001\0003\000.\0002\000.\0001\0001\000\040\000p\000u\000b\000l\000i\000s\000h\000\137\000o\000d\000o\000m\000e\000t\000r\000y\000\137\000m\000s\000g\000\050\000\051}{subsection.7.13.2}% 462
\BOOKMARK [3][-]{subsubsection.7.13.2.12}{\376\377\0007\000.\0001\0003\000.\0002\000.\0001\0002\000\040\000p\000u\000b\000l\000i\000s\000h\000\137\000p\000i\000x\000e\000l\000s\000\050\000\051}{subsection.7.13.2}% 463
\BOOKMARK [3][-]{subsubsection.7.13.2.13}{\376\377\0007\000.\0001\0003\000.\0002\000.\0001\0003\000\040\000p\000u\000b\000l\000i\000s\000h\000\137\000p\000o\000i\000n\000t\000c\000l\000o\000u\000d\000\137\000m\000a\000p\000\050\000\051}{subsection.7.13.2}% 464
\BOOKMARK [3][-]{subsubsection.7.13.2.14}{\376\377\0007\000.\0001\0003\000.\0002\000.\0001\0004\000\040\000p\000u\000b\000l\000i\000s\000h\000\137\000v\000i\000s\000i\000o\000n\000\137\000c\000o\000n\000e\000\050\000\051}{subsection.7.13.2}% 465
\BOOKMARK [3][-]{subsubsection.7.13.2.15}{\376\377\0007\000.\0001\0003\000.\0002\000.\0001\0005\000\040\000p\000u\000b\000l\000i\000s\000h\000\137\000y\000o\000u\000r\000s\000e\000l\000f\000\050\000\051}{subsection.7.13.2}% 466
\BOOKMARK [3][-]{subsubsection.7.13.2.16}{\376\377\0007\000.\0001\0003\000.\0002\000.\0001\0006\000\040\000r\000a\000n\000s\000a\000c\000\137\000f\000a\000i\000l\000e\000d\000\050\000\051}{subsection.7.13.2}% 467
\BOOKMARK [3][-]{subsubsection.7.13.2.17}{\376\377\0007\000.\0001\0003\000.\0002\000.\0001\0007\000\040\000r\000o\000b\000o\000t\000\137\000i\000t\000e\000r\000a\000t\000i\000o\000n\000\050\000\051}{subsection.7.13.2}% 468
\BOOKMARK [3][-]{subsubsection.7.13.2.18}{\376\377\0007\000.\0001\0003\000.\0002\000.\0001\0008\000\040\000s\000e\000t\000\137\000l\000o\000g\000\137\000w\000e\000i\000g\000h\000t\000\050\000\051}{subsection.7.13.2}% 469
\BOOKMARK [3][-]{subsubsection.7.13.2.19}{\376\377\0007\000.\0001\0003\000.\0002\000.\0001\0009\000\040\000s\000e\000t\000\137\000s\000t\000a\000t\000e\000\050\000\051}{subsection.7.13.2}% 470
\BOOKMARK [3][-]{subsubsection.7.13.2.20}{\376\377\0007\000.\0001\0003\000.\0002\000.\0002\0000\000\040\000s\000e\000t\000\137\000w\000e\000i\000g\000h\000t\000\050\000\051}{subsection.7.13.2}% 471
\BOOKMARK [2][-]{subsection.7.13.3}{\376\377\0007\000.\0001\0003\000.\0003\000\040\000M\000e\000m\000b\000e\000r\000\040\000D\000a\000t\000a\000\040\000D\000o\000c\000u\000m\000e\000n\000t\000a\000t\000i\000o\000n}{section.7.13}% 472
\BOOKMARK [3][-]{subsubsection.7.13.3.1}{\376\377\0007\000.\0001\0003\000.\0003\000.\0001\000\040\000a\000c\000c\000\137\000r\000a\000n\000s\000a\000c\000\137\000n\000o\000i\000s\000e\000\137\000d\000e\000l\000t\000a}{subsection.7.13.3}% 473
\BOOKMARK [3][-]{subsubsection.7.13.3.2}{\376\377\0007\000.\0001\0003\000.\0003\000.\0002\000\040\000a\000c\000c\000u\000m\000u\000l\000a\000t\000e\000d\000\137\000p\000i\000x\000e\000l\000s}{subsection.7.13.3}% 474
\BOOKMARK [3][-]{subsubsection.7.13.3.3}{\376\377\0007\000.\0001\0003\000.\0003\000.\0003\000\040\000b\000f}{subsection.7.13.3}% 475
\BOOKMARK [3][-]{subsubsection.7.13.3.4}{\376\377\0007\000.\0001\0003\000.\0003\000.\0004\000\040\000c\000o\000n\000e\000\137\000p\000u\000b\000l\000i\000s\000h\000e\000r}{subsection.7.13.3}% 476
\BOOKMARK [3][-]{subsubsection.7.13.3.5}{\376\377\0007\000.\0001\0003\000.\0003\000.\0005\000\040\000c\000o\000v\000a\000r\000i\000a\000n\000c\000e\000\137\000P}{subsection.7.13.3}% 477
\BOOKMARK [3][-]{subsubsection.7.13.3.6}{\376\377\0007\000.\0001\0003\000.\0003\000.\0006\000\040\000d\000e\000l\000t\000a\000\137\000r\000a\000n\000s\000a\000c\000\137\000s\000t\000a\000t\000e}{subsection.7.13.3}% 478
\BOOKMARK [3][-]{subsubsection.7.13.3.7}{\376\377\0007\000.\0001\0003\000.\0003\000.\0007\000\040\000d\000e\000l\000t\000a\000\137\000w\000h\000e\000e\000l\000\137\000o\000d\000o\000m\000\137\000r\000a\000n\000s\000a\000c}{subsection.7.13.3}% 479
\BOOKMARK [3][-]{subsubsection.7.13.3.8}{\376\377\0007\000.\0001\0003\000.\0003\000.\0008\000\040\000e\000k\000f}{subsection.7.13.3}% 480
\BOOKMARK [3][-]{subsubsection.7.13.3.9}{\376\377\0007\000.\0001\0003\000.\0003\000.\0009\000\040\000f\000i\000r\000s\000t\000\137\000i\000t\000e\000r\000a\000t\000i\000o\000n}{subsection.7.13.3}% 481
\BOOKMARK [3][-]{subsubsection.7.13.3.10}{\376\377\0007\000.\0001\0003\000.\0003\000.\0001\0000\000\040\000f\000r\000a\000m\000e\000\137\000d\000e\000p\000t\000h}{subsection.7.13.3}% 482
\BOOKMARK [3][-]{subsubsection.7.13.3.11}{\376\377\0007\000.\0001\0003\000.\0003\000.\0001\0001\000\040\000f\000r\000a\000m\000e\000\137\000r\000g\000b}{subsection.7.13.3}% 483
\BOOKMARK [3][-]{subsubsection.7.13.3.12}{\376\377\0007\000.\0001\0003\000.\0003\000.\0001\0002\000\040\000i\000n\000d\000e\000x}{subsection.7.13.3}% 484
\BOOKMARK [3][-]{subsubsection.7.13.3.13}{\376\377\0007\000.\0001\0003\000.\0003\000.\0001\0003\000\040\000l\000a\000s\000t\000\137\000w\000h\000e\000e\000l\000\137\000o\000d\000o\000m}{subsection.7.13.3}% 485
\BOOKMARK [3][-]{subsubsection.7.13.3.14}{\376\377\0007\000.\0001\0003\000.\0003\000.\0001\0004\000\040\000l\000o\000g\000\137\000w\000e\000i\000g\000h\000t}{subsection.7.13.3}% 486
\BOOKMARK [3][-]{subsubsection.7.13.3.15}{\376\377\0007\000.\0001\0003\000.\0003\000.\0001\0005\000\040\000m\000a\000p\000\137\000p\000u\000b\000l\000i\000s\000h\000e\000r}{subsection.7.13.3}% 487
\BOOKMARK [3][-]{subsubsection.7.13.3.16}{\376\377\0007\000.\0001\0003\000.\0003\000.\0001\0006\000\040\000n\000o\000i\000s\000e\000\137\000Q}{subsection.7.13.3}% 488
\BOOKMARK [3][-]{subsubsection.7.13.3.17}{\376\377\0007\000.\0001\0003\000.\0003\000.\0001\0007\000\040\000o\000d\000o\000m\000e\000t\000r\000y\000\137\000m\000s\000g\000\137\000p\000u\000b\000l\000i\000s\000h\000e\000r}{subsection.7.13.3}% 489
\BOOKMARK [3][-]{subsubsection.7.13.3.18}{\376\377\0007\000.\0001\0003\000.\0003\000.\0001\0008\000\040\000p\000a\000t\000h}{subsection.7.13.3}% 490
\BOOKMARK [3][-]{subsubsection.7.13.3.19}{\376\377\0007\000.\0001\0003\000.\0003\000.\0001\0009\000\040\000p\000a\000t\000h\000\137\000c\000o\000l\000o\000r}{subsection.7.13.3}% 491
\BOOKMARK [3][-]{subsubsection.7.13.3.20}{\376\377\0007\000.\0001\0003\000.\0003\000.\0002\0000\000\040\000p\000o\000s\000\137\000b\000a\000s\000e\000l\000i\000n\000k}{subsection.7.13.3}% 492
\BOOKMARK [3][-]{subsubsection.7.13.3.21}{\376\377\0007\000.\0001\0003\000.\0003\000.\0002\0001\000\040\000p\000o\000s\000\137\000v\000i\000s\000u\000a\000l\000\137\000o\000d\000o\000m}{subsection.7.13.3}% 493
\BOOKMARK [3][-]{subsubsection.7.13.3.22}{\376\377\0007\000.\0001\0003\000.\0003\000.\0002\0002\000\040\000r\000a\000n\000s\000a\000c\000\137\000d\000e\000l\000t\000a\000\137\000p}{subsection.7.13.3}% 494
\BOOKMARK [3][-]{subsubsection.7.13.3.23}{\376\377\0007\000.\0001\0003\000.\0003\000.\0002\0003\000\040\000r\000a\000n\000s\000a\000c\000\137\000d\000e\000l\000t\000a\000\137\000t\000h\000e\000t\000a}{subsection.7.13.3}% 495
\BOOKMARK [3][-]{subsubsection.7.13.3.24}{\376\377\0007\000.\0001\0003\000.\0003\000.\0002\0004\000\040\000r\000a\000n\000s\000a\000c\000\137\000d\000r\000a\000w\000\137\000k\000e\000y\000p\000o\000i\000n\000t\000s}{subsection.7.13.3}% 496
\BOOKMARK [3][-]{subsubsection.7.13.3.25}{\376\377\0007\000.\0001\0003\000.\0003\000.\0002\0005\000\040\000r\000a\000n\000s\000a\000c\000\137\000i\000n\000l\000i\000e\000r\000\137\000r\000a\000t\000i\000o}{subsection.7.13.3}% 497
\BOOKMARK [3][-]{subsubsection.7.13.3.26}{\376\377\0007\000.\0001\0003\000.\0003\000.\0002\0006\000\040\000t\000h\000e\000t\000a}{subsection.7.13.3}% 498
\BOOKMARK [3][-]{subsubsection.7.13.3.27}{\376\377\0007\000.\0001\0003\000.\0003\000.\0002\0007\000\040\000t\000o\000t\000a\000l\000\137\000p\000u\000b\000l\000i\000s\000h\000e\000r}{subsection.7.13.3}% 499
\BOOKMARK [3][-]{subsubsection.7.13.3.28}{\376\377\0007\000.\0001\0003\000.\0003\000.\0002\0008\000\040\000v\000i\000s\000i\000b\000l\000e\000\137\000l\000a\000n\000d\000m\000a\000r\000k\000s}{subsection.7.13.3}% 500
\BOOKMARK [3][-]{subsubsection.7.13.3.29}{\376\377\0007\000.\0001\0003\000.\0003\000.\0002\0009\000\040\000v\000i\000s\000u\000a\000l\000\137\000o\000d\000o\000m\000\137\000m\000a\000p}{subsection.7.13.3}% 501
\BOOKMARK [0][-]{chapter.8}{\376\377\0008\000\040\000F\000i\000l\000e\000\040\000D\000o\000c\000u\000m\000e\000n\000t\000a\000t\000i\000o\000n}{}% 502
\BOOKMARK [1][-]{section.8.1}{\376\377\0008\000.\0001\000\040\000b\000a\000g\000f\000i\000l\000e\000s\000/\0002\0000\0002\0006\0000\0004\0002\0008\000\137\000B\000a\000g\000\137\000W\000i\000t\000h\000o\000u\000t\000\137\000T\000F\000/\000m\000e\000t\000a\000d\000a\000t\000a\000.\000y\000a\000m\000l\000\040\000F\000i\000l\000e\000\040\000R\000e\000f\000e\000r\000e\000n\000c\000e}{chapter.8}% 503
\BOOKMARK [1][-]{section.8.2}{\376\377\0008\000.\0002\000\040\000b\000a\000g\000f\000i\000l\000e\000s\000/\0002\0000\0002\0006\0000\0005\0001\0009\000\137\000T\000r\000a\000n\000s\000X\000Y\000\137\000b\000a\000g\000/\000m\000e\000t\000a\000d\000a\000t\000a\000.\000y\000a\000m\000l\000\040\000F\000i\000l\000e\000\040\000R\000e\000f\000e\000r\000e\000n\000c\000e}{chapter.8}% 504
\BOOKMARK [1][-]{section.8.3}{\376\377\0008\000.\0003\000\040\000b\000a\000g\000f\000i\000l\000e\000s\000/\0002\0000\0002\0006\0000\0006\0001\0006\000\137\000A\000r\000o\000u\000n\000d\000\137\000T\000h\000e\000\137\000D\000e\000s\000k\000s\000\137\000b\000a\000g\000/\000m\000e\000t\000a\000d\000a\000t\000a\000.\000y\000a\000m\000l\000\040\000F\000i\000l\000e\000\040\000R\000e\000f\000e\000r\000e\000n\000c\000e}{chapter.8}% 505
\BOOKMARK [1][-]{section.8.4}{\376\377\0008\000.\0004\000\040\000R\000E\000A\000D\000M\000E\000.\000m\000d\000\040\000F\000i\000l\000e\000\040\000R\000e\000f\000e\000r\000e\000n\000c\000e}{chapter.8}% 506
\BOOKMARK [1][-]{section.8.5}{\376\377\0008\000.\0005\000\040\000r\000o\000s\0002\000\137\000w\000s\000/\000s\000r\000c\000/\000v\000i\000s\000u\000a\000l\000\137\000o\000d\000o\000m\000/\000c\000o\000n\000f\000i\000g\000/\000p\000a\000r\000a\000m\000.\000y\000a\000m\000l\000\040\000F\000i\000l\000e\000\040\000R\000e\000f\000e\000r\000e\000n\000c\000e}{chapter.8}% 507
\BOOKMARK [1][-]{section.8.6}{\376\377\0008\000.\0006\000\040\000r\000o\000s\0002\000\137\000w\000s\000/\000s\000r\000c\000/\000v\000i\000s\000u\000a\000l\000\137\000o\000d\000o\000m\000/\000l\000a\000u\000n\000c\000h\000/\000v\000i\000s\000u\000a\000l\000\137\000o\000d\000o\000m\000\137\000l\000a\000u\000n\000c\000h\000.\000p\000y\000\040\000F\000i\000l\000e\000\040\000R\000e\000f\000e\000r\000e\000n\000c\000e}{chapter.8}% 508
\BOOKMARK [1][-]{section.8.7}{\376\377\0008\000.\0007\000\040\000r\000o\000s\0002\000\137\000w\000s\000/\000s\000r\000c\000/\000v\000i\000s\000u\000a\000l\000\137\000o\000d\000o\000m\000/\000s\000e\000t\000u\000p\000.\000p\000y\000\040\000F\000i\000l\000e\000\040\000R\000e\000f\000e\000r\000e\000n\000c\000e}{chapter.8}% 509
\BOOKMARK [1][-]{section.8.8}{\376\377\0008\000.\0008\000\040\000r\000o\000s\0002\000\137\000w\000s\000/\000s\000r\000c\000/\000v\000i\000s\000u\000a\000l\000\137\000o\000d\000o\000m\000/\000v\000i\000s\000u\000a\000l\000\137\000o\000d\000o\000m\000/\000\137\000\137\000i\000n\000i\000t\000\137\000\137\000.\000p\000y\000\040\000F\000i\000l\000e\000\040\000R\000e\000f\000e\000r\000e\000n\000c\000e}{chapter.8}% 510
\BOOKMARK [1][-]{section.8.9}{\376\377\0008\000.\0009\000\040\000r\000o\000s\0002\000\137\000w\000s\000/\000s\000r\000c\000/\000v\000i\000s\000u\000a\000l\000\137\000o\000d\000o\000m\000/\000v\000i\000s\000u\000a\000l\000\137\000o\000d\000o\000m\000/\000c\000o\000n\000s\000t\000a\000n\000t\000s\000.\000p\000y\000\040\000F\000i\000l\000e\000\040\000R\000e\000f\000e\000r\000e\000n\000c\000e}{chapter.8}% 511
\BOOKMARK [1][-]{section.8.10}{\376\377\0008\000.\0001\0000\000\040\000r\000o\000s\0002\000\137\000w\000s\000/\000s\000r\000c\000/\000v\000i\000s\000u\000a\000l\000\137\000o\000d\000o\000m\000/\000v\000i\000s\000u\000a\000l\000\137\000o\000d\000o\000m\000/\000c\000s\000v\000\137\000c\000r\000e\000a\000t\000o\000r\000\137\000n\000o\000d\000e\000.\000p\000y\000\040\000F\000i\000l\000e\000\040\000R\000e\000f\000e\000r\000e\000n\000c\000e}{chapter.8}% 512
\BOOKMARK [1][-]{section.8.11}{\376\377\0008\000.\0001\0001\000\040\000r\000o\000s\0002\000\137\000w\000s\000/\000s\000r\000c\000/\000v\000i\000s\000u\000a\000l\000\137\000o\000d\000o\000m\000/\000v\000i\000s\000u\000a\000l\000\137\000o\000d\000o\000m\000/\000e\000k\000f\000\137\000l\000a\000n\000d\000m\000a\000r\000k\000.\000p\000y\000\040\000F\000i\000l\000e\000\040\000R\000e\000f\000e\000r\000e\000n\000c\000e}{chapter.8}% 513
\BOOKMARK [1][-]{section.8.12}{\376\377\0008\000.\0001\0002\000\040\000r\000o\000s\0002\000\137\000w\000s\000/\000s\000r\000c\000/\000v\000i\000s\000u\000a\000l\000\137\000o\000d\000o\000m\000/\000v\000i\000s\000u\000a\000l\000\137\000o\000d\000o\000m\000/\000e\000k\000f\000\137\000r\000o\000b\000o\000t\000.\000p\000y\000\040\000F\000i\000l\000e\000\040\000R\000e\000f\000e\000r\000e\000n\000c\000e}{chapter.8}% 514
\BOOKMARK [1][-]{section.8.13}{\376\377\0008\000.\0001\0003\000\040\000r\000o\000s\0002\000\137\000w\000s\000/\000s\000r\000c\000/\000v\000i\000s\000u\000a\000l\000\137\000o\000d\000o\000m\000/\000v\000i\000s\000u\000a\000l\000\137\000o\000d\000o\000m\000/\000l\000a\000n\000d\000m\000a\000r\000k\000.\000p\000y\000\040\000F\000i\000l\000e\000\040\000R\000e\000f\000e\000r\000e\000n\000c\000e}{chapter.8}% 515
\BOOKMARK [1][-]{section.8.14}{\376\377\0008\000.\0001\0004\000\040\000r\000o\000s\0002\000\137\000w\000s\000/\000s\000r\000c\000/\000v\000i\000s\000u\000a\000l\000\137\000o\000d\000o\000m\000/\000v\000i\000s\000u\000a\000l\000\137\000o\000d\000o\000m\000/\000o\000d\000o\000m\000\137\000b\000u\000f\000f\000e\000r\000.\000p\000y\000\040\000F\000i\000l\000e\000\040\000R\000e\000f\000e\000r\000e\000n\000c\000e}{chapter.8}% 516
\BOOKMARK [1][-]{section.8.15}{\376\377\0008\000.\0001\0005\000\040\000r\000o\000s\0002\000\137\000w\000s\000/\000s\000r\000c\000/\000v\000i\000s\000u\000a\000l\000\137\000o\000d\000o\000m\000/\000v\000i\000s\000u\000a\000l\000\137\000o\000d\000o\000m\000/\000r\000o\000b\000o\000t\000.\000p\000y\000\040\000F\000i\000l\000e\000\040\000R\000e\000f\000e\000r\000e\000n\000c\000e}{chapter.8}% 517
\BOOKMARK [1][-]{section.8.16}{\376\377\0008\000.\0001\0006\000\040\000r\000o\000s\0002\000\137\000w\000s\000/\000s\000r\000c\000/\000v\000i\000s\000u\000a\000l\000\137\000o\000d\000o\000m\000/\000v\000i\000s\000u\000a\000l\000\137\000o\000d\000o\000m\000/\000t\000f\000\137\000m\000e\000t\000h\000o\000d\000s\000.\000p\000y\000\040\000F\000i\000l\000e\000\040\000R\000e\000f\000e\000r\000e\000n\000c\000e}{chapter.8}% 518
\BOOKMARK [1][-]{section.8.17}{\376\377\0008\000.\0001\0007\000\040\000r\000o\000s\0002\000\137\000w\000s\000/\000s\000r\000c\000/\000v\000i\000s\000u\000a\000l\000\137\000o\000d\000o\000m\000/\000v\000i\000s\000u\000a\000l\000\137\000o\000d\000o\000m\000/\000v\000i\000s\000u\000a\000l\000\137\000o\000d\000o\000m\000\137\000m\000a\000p\000.\000p\000y\000\040\000F\000i\000l\000e\000\040\000R\000e\000f\000e\000r\000e\000n\000c\000e}{chapter.8}% 519
\BOOKMARK [1][-]{section.8.18}{\376\377\0008\000.\0001\0008\000\040\000r\000o\000s\0002\000\137\000w\000s\000/\000s\000r\000c\000/\000v\000i\000s\000u\000a\000l\000\137\000o\000d\000o\000m\000/\000v\000i\000s\000u\000a\000l\000\137\000o\000d\000o\000m\000/\000v\000i\000s\000u\000a\000l\000\137\000o\000d\000o\000m\000\137\000n\000o\000d\000e\000.\000p\000y\000\040\000F\000i\000l\000e\000\040\000R\000e\000f\000e\000r\000e\000n\000c\000e}{chapter.8}% 520
\BOOKMARK [0][-]{section*.98}{\376\377\000I\000n\000d\000e\000x}{}% 521
